,Loan_ID,Gender,Married,Dependents,Education,Self_Employed,ApplicantIncome,CoapplicantIncome,LoanAmount,Loan_Amount_Term,Credit_History,Property_Area,Loan_Status,TotalIncome,Incometoloanratio,Loan_Term_Years,DebtToIncomeRatio
0,LP001002,Male,No,0,Graduate,No,5849000.0,0.0,146412.16216216216,360.0,1.0,Urban,Y,5849000.0,39.948867045087454,30.0,0.02503199900190839
1,LP001003,Male,Yes,1,Graduate,No,4583000.0,1508000.0,128000.0,360.0,1.0,Rural,N,6091000.0,47.5859375,30.0,0.0210146117222131
2,LP001005,Male,Yes,0,Graduate,Yes,3000000.0,0.0,66000.0,360.0,1.0,Urban,Y,3000000.0,45.45454545454545,30.0,0.022
3,LP001006,Male,Yes,0,Not Graduate,No,2583000.0,2358000.0,120000.0,360.0,1.0,Urban,Y,4941000.0,41.175,30.0,0.024286581663630843
4,LP001008,Male,No,0,Graduate,No,6000000.0,0.0,141000.0,360.0,1.0,Urban,Y,6000000.0,42.5531914893617,30.0,0.0235
5,LP001011,Male,Yes,2,Graduate,Yes,5417000.0,4196000.0,261500.0,360.0,1.0,Urban,Y,9613000.0,36.76099426386233,30.0,0.027202746281077706
6,LP001013,Male,Yes,0,Not Graduate,No,2333000.0,1516000.0,95000.0,360.0,1.0,Urban,Y,3849000.0,40.51578947368421,30.0,0.024681735515718367
7,LP001014,Male,Yes,3+,Graduate,No,3036000.0,2504000.0,158000.0,360.0,0.0,Semiurban,N,5540000.0,35.063291139240505,30.0,0.02851985559566787
8,LP001018,Male,Yes,2,Graduate,No,4006000.0,1526000.0,168000.0,360.0,1.0,Urban,Y,5532000.0,32.92857142857143,30.0,0.03036876355748373
9,LP001020,Male,Yes,1,Graduate,No,10171250.0,5743125.0,261500.0,360.0,1.0,Semiurban,N,15914375.0,60.858030592734224,30.0,0.016431685190276088
10,LP001024,Male,Yes,2,Graduate,No,3200000.0,700000.0,70000.0,360.0,1.0,Urban,Y,3900000.0,55.714285714285715,30.0,0.017948717948717947
11,LP001027,Male,Yes,2,Graduate,No,2500000.0,1840000.0,109000.0,360.0,1.0,Urban,Y,4340000.0,39.81651376146789,30.0,0.02511520737327189
12,LP001028,Male,Yes,2,Graduate,No,3073000.0,5743125.0,200000.0,360.0,1.0,Urban,Y,8816125.0,44.080625,30.0,0.022685703753066114
13,LP001029,Male,No,0,Graduate,No,1853000.0,2840000.0,114000.0,360.0,1.0,Rural,N,4693000.0,41.166666666666664,30.0,0.024291497975708502
14,LP001030,Male,Yes,2,Graduate,No,1299000.0,1086000.0,17000.0,120.0,1.0,Urban,Y,2385000.0,140.2941176470588,10.0,0.007127882599580713
15,LP001032,Male,No,0,Graduate,No,4950000.0,0.0,125000.0,360.0,1.0,Urban,Y,4950000.0,39.6,30.0,0.025252525252525252
16,LP001034,Male,No,1,Not Graduate,No,3596000.0,0.0,100000.0,240.0,0.0,Urban,Y,3596000.0,35.96,20.0,0.027808676307007785
17,LP001036,Female,No,0,Graduate,No,3510000.0,0.0,76000.0,360.0,0.0,Urban,N,3510000.0,46.18421052631579,30.0,0.021652421652421653
18,LP001038,Male,Yes,0,Not Graduate,No,4887000.0,0.0,133000.0,360.0,1.0,Rural,N,4887000.0,36.744360902255636,30.0,0.027215060364231634
19,LP001041,Male,Yes,0,Graduate,No,2600000.0,3500000.0,115000.0,342.0,1.0,Urban,Y,6100000.0,53.04347826086956,28.5,0.018852459016393444
20,LP001043,Male,Yes,0,Not Graduate,No,7660000.0,0.0,104000.0,360.0,0.0,Urban,N,7660000.0,73.65384615384616,30.0,0.013577023498694517
21,LP001046,Male,Yes,1,Graduate,No,5955000.0,5625000.0,261500.0,360.0,1.0,Urban,Y,11580000.0,44.282982791586996,30.0,0.02258203799654577
22,LP001047,Male,Yes,0,Not Graduate,No,2600000.0,1911000.0,116000.0,360.0,0.0,Semiurban,N,4511000.0,38.88793103448276,30.0,0.025714919086677012
23,LP001050,Male,Yes,2,Not Graduate,No,3365000.0,1917000.0,112000.0,360.0,0.0,Rural,N,5282000.0,47.160714285714285,30.0,0.021204089360090876
24,LP001052,Male,Yes,1,Graduate,No,3717000.0,2925000.0,151000.0,360.0,0.0,Semiurban,N,6642000.0,43.98675496688742,30.0,0.02273411623005119
25,LP001066,Male,Yes,0,Graduate,Yes,9560000.0,0.0,191000.0,360.0,1.0,Semiurban,Y,9560000.0,50.05235602094241,30.0,0.01997907949790795
26,LP001068,Male,Yes,0,Graduate,No,2799000.0,2253000.0,122000.0,360.0,1.0,Semiurban,Y,5052000.0,41.40983606557377,30.0,0.02414885193982581
27,LP001073,Male,Yes,2,Not Graduate,No,4226000.0,1040000.0,110000.0,360.0,1.0,Urban,Y,5266000.0,47.872727272727275,30.0,0.020888720091150777
28,LP001086,Male,No,0,Not Graduate,No,1442000.0,0.0,35000.0,360.0,1.0,Urban,N,1442000.0,41.2,30.0,0.024271844660194174
29,LP001087,Female,No,2,Graduate,No,3750000.0,2083000.0,120000.0,360.0,1.0,Semiurban,Y,5833000.0,48.608333333333334,30.0,0.020572604148808505
30,LP001091,Male,Yes,1,Graduate,No,4166000.0,3369000.0,201000.0,360.0,0.0,Urban,N,7535000.0,37.48756218905473,30.0,0.026675514266755143
31,LP001095,Male,No,0,Graduate,No,3167000.0,0.0,74000.0,360.0,1.0,Urban,N,3167000.0,42.7972972972973,30.0,0.023365961477739186
32,LP001097,Male,No,1,Graduate,Yes,4692000.0,0.0,106000.0,360.0,1.0,Rural,N,4692000.0,44.264150943396224,30.0,0.022591645353793693
33,LP001098,Male,Yes,0,Graduate,No,3500000.0,1667000.0,114000.0,360.0,1.0,Semiurban,Y,5167000.0,45.324561403508774,30.0,0.022063092703696534
34,LP001100,Male,No,3+,Graduate,No,10171250.0,3000000.0,261500.0,360.0,1.0,Rural,N,13171250.0,50.36806883365201,30.0,0.019853848343930912
35,LP001106,Male,Yes,0,Graduate,No,2275000.0,2067000.0,146412.16216216216,360.0,1.0,Urban,Y,4342000.0,29.656006276247172,30.0,0.033719982073275485
36,LP001109,Male,Yes,0,Graduate,No,1828000.0,1330000.0,100000.0,342.0,0.0,Urban,N,3158000.0,31.58,28.5,0.031665611146295125
37,LP001112,Female,Yes,0,Graduate,No,3667000.0,1459000.0,144000.0,360.0,1.0,Semiurban,Y,5126000.0,35.59722222222222,30.0,0.02809207959422552
38,LP001114,Male,No,0,Graduate,No,4166000.0,5743125.0,184000.0,360.0,1.0,Urban,Y,9909125.0,53.853940217391305,30.0,0.018568743456157836
39,LP001116,Male,No,0,Not Graduate,No,3748000.0,1668000.0,110000.0,360.0,1.0,Semiurban,Y,5416000.0,49.236363636363635,30.0,0.02031019202363368
40,LP001119,Male,No,0,Graduate,No,3600000.0,0.0,80000.0,360.0,1.0,Urban,N,3600000.0,45.0,30.0,0.022222222222222223
41,LP001120,Male,No,0,Graduate,No,1800000.0,1213000.0,47000.0,360.0,1.0,Urban,Y,3013000.0,64.1063829787234,30.0,0.015599070693660804
42,LP001123,Male,Yes,0,Graduate,No,2400000.0,0.0,75000.0,360.0,0.0,Urban,Y,2400000.0,32.0,30.0,0.03125
43,LP001131,Male,Yes,0,Graduate,No,3941000.0,2336000.0,134000.0,360.0,1.0,Semiurban,Y,6277000.0,46.843283582089555,30.0,0.021347777600764697
44,LP001136,Male,Yes,0,Not Graduate,Yes,4695000.0,0.0,96000.0,342.0,1.0,Urban,Y,4695000.0,48.90625,28.5,0.020447284345047924
45,LP001137,Female,No,0,Graduate,No,3410000.0,0.0,88000.0,342.0,1.0,Urban,Y,3410000.0,38.75,28.5,0.025806451612903226
46,LP001138,Male,Yes,1,Graduate,No,5649000.0,0.0,44000.0,360.0,1.0,Urban,Y,5649000.0,128.38636363636363,30.0,0.007788989201628607
47,LP001144,Male,Yes,0,Graduate,No,5821000.0,0.0,144000.0,360.0,1.0,Urban,Y,5821000.0,40.423611111111114,30.0,0.02473801752276241
48,LP001146,Female,Yes,0,Graduate,No,2645000.0,3440000.0,120000.0,360.0,0.0,Urban,N,6085000.0,50.708333333333336,30.0,0.01972062448644207
49,LP001151,Female,No,0,Graduate,No,4000000.0,2275000.0,144000.0,360.0,1.0,Semiurban,Y,6275000.0,43.576388888888886,30.0,0.022948207171314742
50,LP001155,Female,Yes,0,Not Graduate,No,1928000.0,1644000.0,100000.0,360.0,1.0,Semiurban,Y,3572000.0,35.72,30.0,0.027995520716685332
51,LP001157,Female,No,0,Graduate,No,3086000.0,0.0,120000.0,360.0,1.0,Semiurban,Y,3086000.0,25.716666666666665,30.0,0.03888528839922229
52,LP001164,Female,No,0,Graduate,No,4230000.0,0.0,112000.0,360.0,1.0,Semiurban,N,4230000.0,37.767857142857146,30.0,0.026477541371158392
53,LP001179,Male,Yes,2,Graduate,No,4616000.0,0.0,134000.0,360.0,1.0,Urban,N,4616000.0,34.44776119402985,30.0,0.02902946273830156
54,LP001186,Female,Yes,1,Graduate,Yes,10171250.0,0.0,261500.0,360.0,0.0,Urban,N,10171250.0,38.895793499043975,30.0,0.025709721027405676
55,LP001194,Male,Yes,2,Graduate,No,2708000.0,1167000.0,97000.0,360.0,1.0,Semiurban,Y,3875000.0,39.94845360824742,30.0,0.02503225806451613
56,LP001195,Male,Yes,0,Graduate,No,2132000.0,1591000.0,96000.0,360.0,1.0,Semiurban,Y,3723000.0,38.78125,30.0,0.0257856567284448
57,LP001197,Male,Yes,0,Graduate,No,3366000.0,2200000.0,135000.0,360.0,1.0,Rural,N,5566000.0,41.22962962962963,30.0,0.024254401724757457
58,LP001198,Male,Yes,1,Graduate,No,8080000.0,2250000.0,180000.0,360.0,1.0,Urban,Y,10330000.0,57.388888888888886,30.0,0.017424975798644726
59,LP001199,Male,Yes,2,Not Graduate,No,3357000.0,2859000.0,144000.0,360.0,1.0,Urban,Y,6216000.0,43.166666666666664,30.0,0.023166023166023165
60,LP001205,Male,Yes,0,Graduate,No,2500000.0,3796000.0,120000.0,360.0,1.0,Urban,Y,6296000.0,52.46666666666667,30.0,0.01905972045743329
61,LP001206,Male,Yes,3+,Graduate,No,3029000.0,0.0,99000.0,360.0,1.0,Urban,Y,3029000.0,30.595959595959595,30.0,0.03268405414328161
62,LP001207,Male,Yes,0,Not Graduate,Yes,2609000.0,3449000.0,165000.0,180.0,0.0,Rural,N,6058000.0,36.71515151515152,15.0,0.02723671178606801
63,LP001213,Male,Yes,1,Graduate,No,4945000.0,0.0,146412.16216216216,360.0,0.0,Rural,N,4945000.0,33.774516590521024,30.0,0.029608121771923592
64,LP001222,Female,No,0,Graduate,No,4166000.0,0.0,116000.0,360.0,0.0,Semiurban,N,4166000.0,35.91379310344828,30.0,0.02784445511281805
65,LP001225,Male,Yes,0,Graduate,No,5726000.0,4595000.0,258000.0,360.0,1.0,Semiurban,N,10321000.0,40.00387596899225,30.0,0.024997577754093597
66,LP001228,Male,No,0,Not Graduate,No,3200000.0,2254000.0,126000.0,180.0,0.0,Urban,N,5454000.0,43.285714285714285,15.0,0.0231023102310231
67,LP001233,Male,Yes,1,Graduate,No,10171250.0,0.0,261500.0,360.0,1.0,Urban,Y,10171250.0,38.895793499043975,30.0,0.025709721027405676
68,LP001238,Male,Yes,3+,Not Graduate,Yes,7100000.0,0.0,125000.0,60.0,1.0,Urban,Y,7100000.0,56.8,5.0,0.017605633802816902
69,LP001241,Female,No,0,Graduate,No,4300000.0,0.0,136000.0,360.0,0.0,Semiurban,N,4300000.0,31.61764705882353,30.0,0.03162790697674418
70,LP001243,Male,Yes,0,Graduate,No,3208000.0,3066000.0,172000.0,360.0,1.0,Urban,Y,6274000.0,36.47674418604651,30.0,0.027414727446605038
71,LP001245,Male,Yes,2,Not Graduate,Yes,1875000.0,1875000.0,97000.0,360.0,1.0,Semiurban,Y,3750000.0,38.65979381443299,30.0,0.025866666666666666
72,LP001248,Male,No,0,Graduate,No,3500000.0,0.0,81000.0,300.0,1.0,Semiurban,Y,3500000.0,43.20987654320987,25.0,0.023142857142857142
73,LP001250,Male,Yes,3+,Not Graduate,No,4755000.0,0.0,95000.0,342.0,0.0,Semiurban,N,4755000.0,50.05263157894737,28.5,0.019978969505783387
74,LP001253,Male,Yes,3+,Graduate,Yes,5266000.0,1774000.0,187000.0,360.0,1.0,Semiurban,Y,7040000.0,37.64705882352941,30.0,0.0265625
75,LP001255,Male,No,0,Graduate,No,3750000.0,0.0,113000.0,480.0,1.0,Urban,N,3750000.0,33.1858407079646,40.0,0.030133333333333335
76,LP001256,Male,No,0,Graduate,No,3750000.0,4750000.0,176000.0,360.0,1.0,Urban,N,8500000.0,48.29545454545455,30.0,0.020705882352941178
77,LP001259,Male,Yes,1,Graduate,Yes,1000000.0,3022000.0,110000.0,360.0,1.0,Urban,N,4022000.0,36.56363636363636,30.0,0.02734957732471407
78,LP001263,Male,Yes,3+,Graduate,No,3167000.0,4000000.0,180000.0,300.0,0.0,Semiurban,N,7167000.0,39.81666666666667,25.0,0.025115110925073254
79,LP001264,Male,Yes,3+,Not Graduate,Yes,3333000.0,2166000.0,130000.0,360.0,0.0,Semiurban,Y,5499000.0,42.3,30.0,0.02364066193853428
80,LP001265,Female,No,0,Graduate,No,3846000.0,0.0,111000.0,360.0,1.0,Semiurban,Y,3846000.0,34.648648648648646,30.0,0.028861154446177848
81,LP001266,Male,Yes,1,Graduate,Yes,2395000.0,0.0,146412.16216216216,360.0,1.0,Semiurban,Y,2395000.0,16.357930684387835,30.0,0.06113242679004683
82,LP001267,Female,Yes,2,Graduate,No,1378000.0,1881000.0,167000.0,360.0,1.0,Urban,N,3259000.0,19.51497005988024,30.0,0.0512427124884934
83,LP001273,Male,Yes,0,Graduate,No,6000000.0,2250000.0,261500.0,360.0,0.0,Semiurban,N,8250000.0,31.548757170172085,30.0,0.031696969696969696
84,LP001275,Male,Yes,1,Graduate,No,3988000.0,0.0,50000.0,240.0,1.0,Urban,Y,3988000.0,79.76,20.0,0.012537612838515547
85,LP001279,Male,No,0,Graduate,No,2366000.0,2531000.0,136000.0,360.0,1.0,Semiurban,Y,4897000.0,36.00735294117647,30.0,0.027772105370635083
86,LP001280,Male,Yes,2,Not Graduate,No,3333000.0,2000000.0,99000.0,360.0,0.0,Semiurban,Y,5333000.0,53.86868686868687,30.0,0.0185636602287643
87,LP001282,Male,Yes,0,Graduate,No,2500000.0,2118000.0,104000.0,360.0,1.0,Semiurban,Y,4618000.0,44.40384615384615,30.0,0.02252057167605024
88,LP001289,Male,No,0,Graduate,No,8566000.0,0.0,210000.0,360.0,1.0,Urban,Y,8566000.0,40.79047619047619,30.0,0.02451552650011674
89,LP001310,Male,Yes,0,Graduate,No,5695000.0,4167000.0,175000.0,360.0,1.0,Semiurban,Y,9862000.0,56.354285714285716,30.0,0.017744879334820524
90,LP001316,Male,Yes,0,Graduate,No,2958000.0,2900000.0,131000.0,360.0,1.0,Semiurban,Y,5858000.0,44.717557251908396,30.0,0.022362581085694777
91,LP001318,Male,Yes,2,Graduate,No,6250000.0,5654000.0,188000.0,180.0,1.0,Semiurban,Y,11904000.0,63.319148936170215,15.0,0.015793010752688172
92,LP001319,Male,Yes,2,Not Graduate,No,3273000.0,1820000.0,81000.0,360.0,1.0,Urban,Y,5093000.0,62.876543209876544,30.0,0.015904182210877676
93,LP001322,Male,No,0,Graduate,No,4133000.0,0.0,122000.0,360.0,1.0,Semiurban,Y,4133000.0,33.877049180327866,30.0,0.029518509557222357
94,LP001325,Male,No,0,Not Graduate,No,3620000.0,0.0,25000.0,120.0,1.0,Semiurban,Y,3620000.0,144.8,10.0,0.006906077348066298
95,LP001326,Male,No,0,Graduate,No,6782000.0,0.0,146412.16216216216,360.0,0.0,Urban,N,6782000.0,46.3212884766256,30.0,0.021588345939569768
96,LP001327,Female,Yes,0,Graduate,No,2484000.0,2302000.0,137000.0,360.0,1.0,Semiurban,Y,4786000.0,34.934306569343065,30.0,0.028625156707062265
97,LP001333,Male,Yes,0,Graduate,No,1977000.0,997000.0,50000.0,360.0,1.0,Semiurban,Y,2974000.0,59.48,30.0,0.016812373907195696
98,LP001334,Male,Yes,0,Not Graduate,No,4188000.0,0.0,115000.0,180.0,1.0,Semiurban,Y,4188000.0,36.417391304347824,15.0,0.027459407831900668
99,LP001343,Male,Yes,0,Graduate,No,1759000.0,3541000.0,131000.0,360.0,1.0,Semiurban,Y,5300000.0,40.458015267175576,30.0,0.02471698113207547
100,LP001345,Male,Yes,2,Not Graduate,No,4288000.0,3263000.0,133000.0,180.0,1.0,Urban,Y,7551000.0,56.774436090225564,15.0,0.01761356111773275
101,LP001349,Male,No,0,Graduate,No,4843000.0,3806000.0,151000.0,360.0,1.0,Semiurban,Y,8649000.0,57.27814569536424,30.0,0.017458665741704245
102,LP001350,Male,Yes,0,Graduate,No,10171250.0,0.0,146412.16216216216,360.0,1.0,Urban,Y,10171250.0,69.46998015598321,30.0,0.01439470686121786
103,LP001356,Male,Yes,0,Graduate,No,4652000.0,3583000.0,146412.16216216216,360.0,1.0,Semiurban,Y,8235000.0,56.24532742627717,30.0,0.017779254664500567
104,LP001357,Male,No,0,Graduate,No,3816000.0,754000.0,160000.0,360.0,1.0,Urban,Y,4570000.0,28.5625,30.0,0.0350109409190372
105,LP001367,Male,Yes,1,Graduate,No,3052000.0,1030000.0,100000.0,360.0,1.0,Urban,Y,4082000.0,40.82,30.0,0.02449779519843214
106,LP001369,Male,Yes,2,Graduate,No,10171250.0,1126000.0,225000.0,360.0,1.0,Urban,Y,11297250.0,50.21,30.0,0.019916351324437365
107,LP001370,Male,No,0,Not Graduate,No,7333000.0,0.0,120000.0,360.0,1.0,Rural,N,7333000.0,61.108333333333334,30.0,0.01636438019909996
108,LP001379,Male,Yes,2,Graduate,No,3800000.0,3600000.0,216000.0,360.0,0.0,Urban,N,7400000.0,34.25925925925926,30.0,0.02918918918918919
109,LP001384,Male,Yes,3+,Not Graduate,No,2071000.0,754000.0,94000.0,480.0,1.0,Semiurban,Y,2825000.0,30.0531914893617,40.0,0.03327433628318584
110,LP001385,Male,No,0,Graduate,No,5316000.0,0.0,136000.0,360.0,1.0,Urban,Y,5316000.0,39.088235294117645,30.0,0.025583145221971408
111,LP001387,Female,Yes,0,Graduate,No,2929000.0,2333000.0,139000.0,360.0,1.0,Semiurban,Y,5262000.0,37.856115107913666,30.0,0.026415811478525276
112,LP001391,Male,Yes,0,Not Graduate,No,3572000.0,4114000.0,152000.0,342.0,0.0,Rural,N,7686000.0,50.56578947368421,28.5,0.019776216497527973
113,LP001392,Female,No,1,Graduate,Yes,7451000.0,0.0,146412.16216216216,360.0,1.0,Semiurban,Y,7451000.0,50.8905810143523,30.0,0.01965000163228589
114,LP001398,Male,No,0,Graduate,No,5050000.0,0.0,118000.0,360.0,1.0,Semiurban,Y,5050000.0,42.79661016949152,30.0,0.023366336633663366
115,LP001401,Male,Yes,1,Graduate,No,10171250.0,0.0,185000.0,180.0,1.0,Rural,Y,10171250.0,54.979729729729726,15.0,0.01818852156814551
116,LP001404,Female,Yes,0,Graduate,No,3167000.0,2283000.0,154000.0,360.0,1.0,Semiurban,Y,5450000.0,35.38961038961039,30.0,0.028256880733944955
117,LP001405,Male,Yes,1,Graduate,No,2214000.0,1398000.0,85000.0,360.0,0.0,Urban,Y,3612000.0,42.49411764705882,30.0,0.02353266888150609
118,LP001421,Male,Yes,0,Graduate,No,5568000.0,2142000.0,175000.0,360.0,1.0,Rural,N,7710000.0,44.05714285714286,30.0,0.022697795071335927
119,LP001422,Female,No,0,Graduate,No,10171250.0,0.0,259000.0,360.0,1.0,Urban,Y,10171250.0,39.27123552123552,30.0,0.02546393019540371
120,LP001426,Male,Yes,0,Graduate,No,5667000.0,2667000.0,180000.0,360.0,1.0,Rural,Y,8334000.0,46.3,30.0,0.02159827213822894
121,LP001430,Female,No,0,Graduate,No,4166000.0,0.0,44000.0,360.0,1.0,Semiurban,Y,4166000.0,94.68181818181819,30.0,0.01056168987037926
122,LP001431,Female,No,0,Graduate,No,2137000.0,5743125.0,137000.0,360.0,0.0,Semiurban,Y,7880125.0,57.519160583941606,30.0,0.017385511016639963
123,LP001432,Male,Yes,2,Graduate,No,2957000.0,0.0,81000.0,360.0,1.0,Semiurban,Y,2957000.0,36.50617283950617,30.0,0.027392627663172135
124,LP001439,Male,Yes,0,Not Graduate,No,4300000.0,2014000.0,194000.0,360.0,1.0,Rural,Y,6314000.0,32.54639175257732,30.0,0.030725372188786824
125,LP001443,Female,No,0,Graduate,No,3692000.0,0.0,93000.0,360.0,0.0,Rural,Y,3692000.0,39.69892473118279,30.0,0.025189599133261104
126,LP001448,Male,Yes,3+,Graduate,No,10171250.0,0.0,261500.0,360.0,1.0,Rural,Y,10171250.0,38.895793499043975,30.0,0.025709721027405676
127,LP001449,Male,No,0,Graduate,No,3865000.0,1640000.0,146412.16216216216,360.0,1.0,Rural,Y,5505000.0,37.59933545618164,30.0,0.02659621474335371
128,LP001451,Male,Yes,1,Graduate,Yes,10171250.0,3850000.0,160000.0,180.0,0.0,Urban,N,14021250.0,87.6328125,15.0,0.011411250780065971
129,LP001465,Male,Yes,0,Graduate,No,6080000.0,2569000.0,182000.0,360.0,0.0,Rural,N,8649000.0,47.52197802197802,30.0,0.021042895132385248
130,LP001469,Male,No,0,Graduate,Yes,10171250.0,0.0,261500.0,480.0,0.0,Urban,Y,10171250.0,38.895793499043975,40.0,0.025709721027405676
131,LP001473,Male,No,0,Graduate,No,2014000.0,1929000.0,74000.0,360.0,1.0,Urban,Y,3943000.0,53.28378378378378,30.0,0.018767435962465127
132,LP001478,Male,No,0,Graduate,No,2718000.0,0.0,70000.0,360.0,1.0,Semiurban,Y,2718000.0,38.82857142857143,30.0,0.025754231052244298
133,LP001482,Male,Yes,0,Graduate,Yes,3459000.0,0.0,25000.0,120.0,1.0,Semiurban,Y,3459000.0,138.36,10.0,0.007227522405319456
134,LP001487,Male,No,0,Graduate,No,4895000.0,0.0,102000.0,360.0,1.0,Semiurban,Y,4895000.0,47.990196078431374,30.0,0.020837589376915218
135,LP001488,Male,Yes,3+,Graduate,No,4000000.0,5743125.0,261500.0,360.0,1.0,Semiurban,N,9743125.0,37.258604206500955,30.0,0.026839438065302458
136,LP001489,Female,Yes,0,Graduate,No,4583000.0,0.0,84000.0,360.0,1.0,Rural,N,4583000.0,54.55952380952381,30.0,0.0183286057167794
137,LP001491,Male,Yes,2,Graduate,Yes,3316000.0,3500000.0,88000.0,360.0,1.0,Urban,Y,6816000.0,77.45454545454545,30.0,0.012910798122065728
138,LP001492,Male,No,0,Graduate,No,10171250.0,0.0,242000.0,360.0,0.0,Semiurban,N,10171250.0,42.02995867768595,30.0,0.02379255253779034
139,LP001493,Male,Yes,2,Not Graduate,No,4200000.0,1430000.0,129000.0,360.0,1.0,Rural,N,5630000.0,43.64341085271318,30.0,0.022912966252220248
140,LP001497,Male,Yes,2,Graduate,No,5042000.0,2083000.0,185000.0,360.0,1.0,Rural,N,7125000.0,38.513513513513516,30.0,0.025964912280701753
141,LP001498,Male,No,0,Graduate,No,5417000.0,0.0,168000.0,360.0,1.0,Urban,Y,5417000.0,32.24404761904762,30.0,0.031013476093778844
142,LP001504,Male,No,0,Graduate,Yes,6950000.0,0.0,175000.0,180.0,1.0,Semiurban,Y,6950000.0,39.714285714285715,15.0,0.025179856115107913
143,LP001507,Male,Yes,0,Graduate,No,2698000.0,2034000.0,122000.0,360.0,1.0,Semiurban,Y,4732000.0,38.78688524590164,30.0,0.02578191039729501
144,LP001508,Male,Yes,2,Graduate,No,10171250.0,0.0,187000.0,180.0,1.0,Urban,Y,10171250.0,54.39171122994652,15.0,0.01838515423374708
145,LP001514,Female,Yes,0,Graduate,No,2330000.0,4486000.0,100000.0,360.0,1.0,Semiurban,Y,6816000.0,68.16,30.0,0.014671361502347418
146,LP001516,Female,Yes,2,Graduate,No,10171250.0,0.0,70000.0,360.0,1.0,Urban,Y,10171250.0,145.30357142857142,30.0,0.0068821432960550575
147,LP001518,Male,Yes,1,Graduate,No,1538000.0,1425000.0,30000.0,360.0,1.0,Urban,Y,2963000.0,98.76666666666667,30.0,0.010124873439082012
148,LP001519,Female,No,0,Graduate,No,10000000.0,1666000.0,225000.0,360.0,1.0,Rural,N,11666000.0,51.84888888888889,30.0,0.019286816389507973
149,LP001520,Male,Yes,0,Graduate,No,4860000.0,830000.0,125000.0,360.0,1.0,Semiurban,Y,5690000.0,45.52,30.0,0.021968365553602813
150,LP001528,Male,No,0,Graduate,No,6277000.0,0.0,118000.0,360.0,0.0,Rural,N,6277000.0,53.19491525423729,30.0,0.018798789230524134
151,LP001529,Male,Yes,0,Graduate,Yes,2577000.0,3750000.0,152000.0,360.0,1.0,Rural,Y,6327000.0,41.625,30.0,0.024024024024024024
152,LP001531,Male,No,0,Graduate,No,9166000.0,0.0,244000.0,360.0,1.0,Urban,N,9166000.0,37.5655737704918,30.0,0.026620117826751038
153,LP001532,Male,Yes,2,Not Graduate,No,2281000.0,0.0,113000.0,360.0,1.0,Rural,N,2281000.0,20.1858407079646,30.0,0.049539675580885574
154,LP001535,Male,No,0,Graduate,No,3254000.0,0.0,50000.0,360.0,1.0,Urban,Y,3254000.0,65.08,30.0,0.015365703749231715
155,LP001536,Male,Yes,3+,Graduate,No,10171250.0,0.0,261500.0,180.0,0.0,Semiurban,Y,10171250.0,38.895793499043975,15.0,0.025709721027405676
156,LP001541,Male,Yes,1,Graduate,No,6000000.0,0.0,160000.0,360.0,0.0,Rural,Y,6000000.0,37.5,30.0,0.02666666666666667
157,LP001543,Male,Yes,1,Graduate,No,9538000.0,0.0,187000.0,360.0,1.0,Urban,Y,9538000.0,51.00534759358289,30.0,0.019605787376808556
158,LP001546,Male,No,0,Graduate,No,2980000.0,2083000.0,120000.0,360.0,1.0,Rural,Y,5063000.0,42.19166666666667,30.0,0.023701362828362632
159,LP001552,Male,Yes,0,Graduate,No,4583000.0,5625000.0,255000.0,360.0,1.0,Semiurban,Y,10208000.0,40.03137254901961,30.0,0.02498040752351097
160,LP001560,Male,Yes,0,Not Graduate,No,1863000.0,1041000.0,98000.0,360.0,1.0,Semiurban,Y,2904000.0,29.632653061224488,30.0,0.0337465564738292
161,LP001562,Male,Yes,0,Graduate,No,7933000.0,0.0,261500.0,360.0,1.0,Urban,N,7933000.0,30.336520076481836,30.0,0.03296356989789487
162,LP001565,Male,Yes,1,Graduate,No,3089000.0,1280000.0,121000.0,360.0,0.0,Semiurban,N,4369000.0,36.107438016528924,30.0,0.027695124742504004
163,LP001570,Male,Yes,2,Graduate,No,4167000.0,1447000.0,158000.0,360.0,1.0,Rural,Y,5614000.0,35.53164556962025,30.0,0.028143925899536872
164,LP001572,Male,Yes,0,Graduate,No,9323000.0,0.0,75000.0,180.0,1.0,Urban,Y,9323000.0,124.30666666666667,15.0,0.008044620830204869
165,LP001574,Male,Yes,0,Graduate,No,3707000.0,3166000.0,182000.0,342.0,1.0,Rural,Y,6873000.0,37.76373626373626,28.5,0.02648043067074058
166,LP001577,Female,Yes,0,Graduate,No,4583000.0,0.0,112000.0,360.0,1.0,Rural,N,4583000.0,40.919642857142854,30.0,0.02443814095570587
167,LP001578,Male,Yes,0,Graduate,No,2439000.0,3333000.0,129000.0,360.0,1.0,Rural,Y,5772000.0,44.74418604651163,30.0,0.02234927234927235
168,LP001579,Male,No,0,Graduate,No,2237000.0,0.0,63000.0,480.0,0.0,Semiurban,N,2237000.0,35.507936507936506,40.0,0.028162717925793473
169,LP001580,Male,Yes,2,Graduate,No,8000000.0,0.0,200000.0,360.0,1.0,Semiurban,Y,8000000.0,40.0,30.0,0.025
170,LP001581,Male,Yes,0,Not Graduate,No,1820000.0,1769000.0,95000.0,360.0,1.0,Rural,Y,3589000.0,37.77894736842105,30.0,0.026469768737809974
171,LP001585,Male,Yes,3+,Graduate,No,10171250.0,0.0,261500.0,300.0,1.0,Urban,Y,10171250.0,38.895793499043975,25.0,0.025709721027405676
172,LP001586,Male,Yes,3+,Not Graduate,No,3522000.0,0.0,81000.0,180.0,1.0,Rural,N,3522000.0,43.48148148148148,15.0,0.022998296422487224
173,LP001594,Male,Yes,0,Graduate,No,5708000.0,5625000.0,187000.0,360.0,1.0,Semiurban,Y,11333000.0,60.60427807486631,30.0,0.016500485308391422
174,LP001603,Male,Yes,0,Not Graduate,Yes,4344000.0,736000.0,87000.0,360.0,1.0,Semiurban,N,5080000.0,58.39080459770115,30.0,0.017125984251968505
175,LP001606,Male,Yes,0,Graduate,No,3497000.0,1964000.0,116000.0,360.0,1.0,Rural,Y,5461000.0,47.077586206896555,30.0,0.021241530855154733
176,LP001608,Male,Yes,2,Graduate,No,2045000.0,1619000.0,101000.0,360.0,1.0,Rural,Y,3664000.0,36.277227722772274,30.0,0.027565502183406112
177,LP001610,Male,Yes,3+,Graduate,No,5516000.0,5743125.0,261500.0,360.0,0.0,Semiurban,N,11259125.0,43.05592734225621,30.0,0.023225605897438745
178,LP001616,Male,Yes,1,Graduate,No,3750000.0,0.0,116000.0,360.0,1.0,Semiurban,Y,3750000.0,32.327586206896555,30.0,0.030933333333333334
179,LP001630,Male,No,0,Not Graduate,No,2333000.0,1451000.0,102000.0,480.0,0.0,Urban,N,3784000.0,37.09803921568628,40.0,0.026955602536997886
180,LP001633,Male,Yes,1,Graduate,No,6400000.0,5743125.0,180000.0,360.0,0.0,Urban,N,12143125.0,67.46180555555556,30.0,0.014823202429358176
181,LP001634,Male,No,0,Graduate,No,1916000.0,5063000.0,67000.0,360.0,0.0,Rural,N,6979000.0,104.16417910447761,30.0,0.00960022925920619
182,LP001636,Male,Yes,0,Graduate,No,4600000.0,0.0,73000.0,180.0,1.0,Semiurban,Y,4600000.0,63.013698630136986,15.0,0.015869565217391305
183,LP001637,Male,Yes,1,Graduate,No,10171250.0,0.0,260000.0,360.0,1.0,Semiurban,N,10171250.0,39.12019230769231,30.0,0.025562246528204498
184,LP001639,Female,Yes,0,Graduate,No,3625000.0,0.0,108000.0,360.0,1.0,Semiurban,Y,3625000.0,33.56481481481482,30.0,0.029793103448275862
185,LP001640,Male,Yes,0,Graduate,Yes,10171250.0,4750000.0,120000.0,360.0,1.0,Semiurban,Y,14921250.0,124.34375,30.0,0.008042221663734606
186,LP001641,Male,Yes,1,Graduate,Yes,2178000.0,0.0,66000.0,300.0,0.0,Rural,N,2178000.0,33.0,25.0,0.030303030303030304
187,LP001643,Male,Yes,0,Graduate,No,2383000.0,2138000.0,58000.0,360.0,0.0,Rural,Y,4521000.0,77.94827586206897,30.0,0.012829020128290201
188,LP001644,Male,Yes,0,Graduate,Yes,674000.0,5296000.0,168000.0,360.0,1.0,Rural,Y,5970000.0,35.535714285714285,30.0,0.02814070351758794
189,LP001647,Male,Yes,0,Graduate,No,9328000.0,0.0,188000.0,180.0,1.0,Rural,Y,9328000.0,49.61702127659574,15.0,0.020154373927958835
190,LP001653,Male,No,0,Not Graduate,No,4885000.0,0.0,48000.0,360.0,1.0,Rural,Y,4885000.0,101.77083333333333,30.0,0.009825997952917094
191,LP001656,Male,No,0,Graduate,No,10171250.0,0.0,164000.0,360.0,1.0,Semiurban,N,10171250.0,62.019817073170735,30.0,0.016123878579328992
192,LP001657,Male,Yes,0,Not Graduate,No,6033000.0,0.0,160000.0,360.0,1.0,Urban,N,6033000.0,37.70625,30.0,0.026520802254268193
193,LP001658,Male,No,0,Graduate,No,3858000.0,0.0,76000.0,360.0,1.0,Semiurban,Y,3858000.0,50.76315789473684,30.0,0.019699326075686883
194,LP001664,Male,No,0,Graduate,No,4191000.0,0.0,120000.0,360.0,1.0,Rural,Y,4191000.0,34.925,30.0,0.02863278453829635
195,LP001665,Male,Yes,1,Graduate,No,3125000.0,2583000.0,170000.0,360.0,1.0,Semiurban,N,5708000.0,33.576470588235296,30.0,0.029782761037140854
196,LP001666,Male,No,0,Graduate,No,8333000.0,3750000.0,187000.0,360.0,1.0,Rural,Y,12083000.0,64.61497326203208,30.0,0.015476289001075892
197,LP001669,Female,No,0,Not Graduate,No,1907000.0,2365000.0,120000.0,342.0,1.0,Urban,Y,4272000.0,35.6,28.5,0.028089887640449437
198,LP001671,Female,Yes,0,Graduate,No,3416000.0,2816000.0,113000.0,360.0,0.0,Semiurban,Y,6232000.0,55.150442477876105,30.0,0.01813222079589217
199,LP001673,Male,No,0,Graduate,Yes,10171250.0,0.0,83000.0,360.0,1.0,Urban,N,10171250.0,122.54518072289157,30.0,0.008160255622465282
200,LP001674,Male,Yes,1,Not Graduate,No,2600000.0,2500000.0,90000.0,360.0,1.0,Semiurban,Y,5100000.0,56.666666666666664,30.0,0.01764705882352941
201,LP001677,Male,No,2,Graduate,No,4923000.0,0.0,166000.0,360.0,0.0,Semiurban,Y,4923000.0,29.656626506024097,30.0,0.03371927686370099
202,LP001682,Male,Yes,3+,Not Graduate,No,3992000.0,0.0,146412.16216216216,180.0,1.0,Urban,N,3992000.0,27.265494485209285,15.0,0.03667639332719493
203,LP001688,Male,Yes,1,Not Graduate,No,3500000.0,1083000.0,135000.0,360.0,1.0,Urban,Y,4583000.0,33.94814814814815,30.0,0.029456687759109753
204,LP001691,Male,Yes,2,Not Graduate,No,3917000.0,0.0,124000.0,360.0,1.0,Semiurban,Y,3917000.0,31.588709677419356,30.0,0.03165688026550932
205,LP001692,Female,No,0,Not Graduate,No,4408000.0,0.0,120000.0,360.0,1.0,Semiurban,Y,4408000.0,36.733333333333334,30.0,0.02722323049001815
206,LP001693,Female,No,0,Graduate,No,3244000.0,0.0,80000.0,360.0,1.0,Urban,Y,3244000.0,40.55,30.0,0.02466091245376079
207,LP001698,Male,No,0,Not Graduate,No,3975000.0,2531000.0,55000.0,360.0,1.0,Rural,Y,6506000.0,118.2909090909091,30.0,0.008453735013833385
208,LP001699,Male,No,0,Graduate,No,2479000.0,0.0,59000.0,360.0,1.0,Urban,Y,2479000.0,42.016949152542374,30.0,0.02379991932230738
209,LP001702,Male,No,0,Graduate,No,3418000.0,0.0,127000.0,360.0,1.0,Semiurban,N,3418000.0,26.913385826771652,30.0,0.0371562317144529
210,LP001708,Female,No,0,Graduate,No,10000000.0,0.0,214000.0,360.0,1.0,Semiurban,N,10000000.0,46.728971962616825,30.0,0.0214
211,LP001711,Male,Yes,3+,Graduate,No,3430000.0,1250000.0,128000.0,360.0,0.0,Semiurban,N,4680000.0,36.5625,30.0,0.02735042735042735
212,LP001713,Male,Yes,1,Graduate,Yes,7787000.0,0.0,240000.0,360.0,1.0,Urban,Y,7787000.0,32.44583333333333,30.0,0.030820598433286245
213,LP001715,Male,Yes,3+,Not Graduate,Yes,5703000.0,0.0,130000.0,360.0,1.0,Rural,Y,5703000.0,43.86923076923077,30.0,0.02279502016482553
214,LP001716,Male,Yes,0,Graduate,No,3173000.0,3021000.0,137000.0,360.0,1.0,Urban,Y,6194000.0,45.21167883211679,30.0,0.022118178882789795
215,LP001720,Male,Yes,3+,Not Graduate,No,3850000.0,983000.0,100000.0,360.0,1.0,Semiurban,Y,4833000.0,48.33,30.0,0.02069108214359611
216,LP001722,Male,Yes,0,Graduate,No,150000.0,1800000.0,135000.0,360.0,1.0,Rural,N,1950000.0,14.444444444444445,30.0,0.06923076923076923
217,LP001726,Male,Yes,0,Graduate,No,3727000.0,1775000.0,131000.0,360.0,1.0,Semiurban,Y,5502000.0,42.0,30.0,0.023809523809523808
218,LP001732,Male,Yes,2,Graduate,No,5000000.0,0.0,72000.0,360.0,0.0,Semiurban,N,5000000.0,69.44444444444444,30.0,0.0144
219,LP001734,Female,Yes,2,Graduate,No,4283000.0,2383000.0,127000.0,360.0,0.0,Semiurban,Y,6666000.0,52.488188976377955,30.0,0.019051905190519053
220,LP001736,Male,Yes,0,Graduate,No,2221000.0,0.0,60000.0,360.0,0.0,Urban,N,2221000.0,37.016666666666666,30.0,0.0270148581719946
221,LP001743,Male,Yes,2,Graduate,No,4009000.0,1717000.0,116000.0,360.0,1.0,Semiurban,Y,5726000.0,49.36206896551724,30.0,0.020258470136220747
222,LP001744,Male,No,0,Graduate,No,2971000.0,2791000.0,144000.0,360.0,1.0,Semiurban,Y,5762000.0,40.013888888888886,30.0,0.024991322457480043
223,LP001749,Male,Yes,0,Graduate,No,7578000.0,1010000.0,175000.0,342.0,1.0,Semiurban,Y,8588000.0,49.074285714285715,28.5,0.0203772706101537
224,LP001750,Male,Yes,0,Graduate,No,6250000.0,0.0,128000.0,360.0,1.0,Semiurban,Y,6250000.0,48.828125,30.0,0.02048
225,LP001751,Male,Yes,0,Graduate,No,3250000.0,0.0,170000.0,360.0,1.0,Rural,N,3250000.0,19.11764705882353,30.0,0.052307692307692305
226,LP001754,Male,Yes,0,Not Graduate,Yes,4735000.0,0.0,138000.0,360.0,1.0,Urban,N,4735000.0,34.31159420289855,30.0,0.02914466737064414
227,LP001758,Male,Yes,2,Graduate,No,6250000.0,1695000.0,210000.0,360.0,1.0,Semiurban,Y,7945000.0,37.833333333333336,30.0,0.02643171806167401
228,LP001760,Male,No,0,Graduate,No,4758000.0,0.0,158000.0,480.0,1.0,Semiurban,Y,4758000.0,30.11392405063291,40.0,0.0332072299285414
229,LP001761,Male,No,0,Graduate,Yes,6400000.0,0.0,200000.0,360.0,1.0,Rural,Y,6400000.0,32.0,30.0,0.03125
230,LP001765,Male,Yes,1,Graduate,No,2491000.0,2054000.0,104000.0,360.0,1.0,Semiurban,Y,4545000.0,43.70192307692308,30.0,0.02288228822882288
231,LP001768,Male,Yes,0,Graduate,No,3716000.0,0.0,42000.0,180.0,1.0,Rural,Y,3716000.0,88.47619047619048,15.0,0.011302475780409042
232,LP001770,Male,No,0,Not Graduate,No,3189000.0,2598000.0,120000.0,342.0,1.0,Rural,Y,5787000.0,48.225,28.5,0.020736132711249352
233,LP001776,Female,No,0,Graduate,No,8333000.0,0.0,261500.0,360.0,1.0,Semiurban,Y,8333000.0,31.866156787762907,30.0,0.03138125525021001
234,LP001778,Male,Yes,1,Graduate,No,3155000.0,1779000.0,140000.0,360.0,1.0,Semiurban,Y,4934000.0,35.24285714285714,30.0,0.02837454398054317
235,LP001784,Male,Yes,1,Graduate,No,5500000.0,1260000.0,170000.0,360.0,1.0,Rural,Y,6760000.0,39.76470588235294,30.0,0.02514792899408284
236,LP001786,Male,Yes,0,Graduate,No,5746000.0,0.0,255000.0,360.0,0.0,Urban,N,5746000.0,22.533333333333335,30.0,0.04437869822485207
237,LP001788,Female,No,0,Graduate,Yes,3463000.0,0.0,122000.0,360.0,0.0,Urban,Y,3463000.0,28.385245901639344,30.0,0.03522956973722206
238,LP001790,Female,No,1,Graduate,No,3812000.0,0.0,112000.0,360.0,1.0,Rural,Y,3812000.0,34.035714285714285,30.0,0.02938090241343127
239,LP001792,Male,Yes,1,Graduate,No,3315000.0,0.0,96000.0,360.0,1.0,Semiurban,Y,3315000.0,34.53125,30.0,0.02895927601809955
240,LP001798,Male,Yes,2,Graduate,No,5819000.0,5000000.0,120000.0,360.0,1.0,Rural,Y,10819000.0,90.15833333333333,30.0,0.01109159811442832
241,LP001800,Male,Yes,1,Not Graduate,No,2510000.0,1983000.0,140000.0,180.0,1.0,Urban,N,4493000.0,32.09285714285714,15.0,0.031159581571333184
242,LP001806,Male,No,0,Graduate,No,2965000.0,5701000.0,155000.0,60.0,1.0,Urban,Y,8666000.0,55.909677419354836,5.0,0.017885991230094624
243,LP001807,Male,Yes,2,Graduate,Yes,6250000.0,1300000.0,108000.0,360.0,1.0,Rural,Y,7550000.0,69.9074074074074,30.0,0.014304635761589404
244,LP001811,Male,Yes,0,Not Graduate,No,3406000.0,4417000.0,123000.0,360.0,1.0,Semiurban,Y,7823000.0,63.60162601626016,30.0,0.01572286846478333
245,LP001813,Male,No,0,Graduate,Yes,6050000.0,4333000.0,120000.0,180.0,1.0,Urban,N,10383000.0,86.525,15.0,0.011557353366079168
246,LP001814,Male,Yes,2,Graduate,No,9703000.0,0.0,112000.0,360.0,1.0,Urban,Y,9703000.0,86.63392857142857,30.0,0.011542821807688343
247,LP001819,Male,Yes,1,Not Graduate,No,6608000.0,0.0,137000.0,180.0,1.0,Urban,Y,6608000.0,48.23357664233577,15.0,0.020732445520581115
248,LP001824,Male,Yes,1,Graduate,No,2882000.0,1843000.0,123000.0,480.0,1.0,Semiurban,Y,4725000.0,38.41463414634146,40.0,0.02603174603174603
249,LP001825,Male,Yes,0,Graduate,No,1809000.0,1868000.0,90000.0,360.0,1.0,Urban,Y,3677000.0,40.855555555555554,30.0,0.024476475387544192
250,LP001835,Male,Yes,0,Not Graduate,No,1668000.0,3890000.0,201000.0,360.0,0.0,Semiurban,N,5558000.0,27.65174129353234,30.0,0.0361640878013674
251,LP001836,Female,No,2,Graduate,No,3427000.0,0.0,138000.0,360.0,1.0,Urban,N,3427000.0,24.833333333333332,30.0,0.040268456375838924
252,LP001841,Male,No,0,Not Graduate,Yes,2583000.0,2167000.0,104000.0,360.0,1.0,Rural,Y,4750000.0,45.67307692307692,30.0,0.021894736842105262
253,LP001843,Male,Yes,1,Not Graduate,No,2661000.0,5743125.0,261500.0,180.0,1.0,Semiurban,Y,8404125.0,32.13814531548757,15.0,0.031115672363273988
254,LP001844,Male,No,0,Graduate,Yes,10171250.0,0.0,192000.0,360.0,0.0,Urban,N,10171250.0,52.975260416666664,30.0,0.018876735897751015
255,LP001846,Female,No,3+,Graduate,No,3083000.0,0.0,255000.0,360.0,1.0,Rural,Y,3083000.0,12.090196078431372,30.0,0.08271164450210834
256,LP001849,Male,No,0,Not Graduate,No,6045000.0,0.0,115000.0,360.0,0.0,Rural,N,6045000.0,52.56521739130435,30.0,0.01902398676592225
257,LP001854,Male,Yes,3+,Graduate,No,5250000.0,0.0,94000.0,360.0,1.0,Urban,N,5250000.0,55.851063829787236,30.0,0.017904761904761906
258,LP001859,Male,Yes,0,Graduate,No,10171250.0,2100000.0,261500.0,360.0,1.0,Rural,N,12271250.0,46.9263862332696,30.0,0.021309972496689415
259,LP001864,Male,Yes,3+,Not Graduate,No,4931000.0,0.0,128000.0,360.0,0.0,Semiurban,N,4931000.0,38.5234375,30.0,0.02595822348408031
260,LP001865,Male,Yes,1,Graduate,No,6083000.0,4250000.0,261500.0,360.0,0.0,Urban,Y,10333000.0,39.51434034416826,30.0,0.025307267976386334
261,LP001868,Male,No,0,Graduate,No,2060000.0,2209000.0,134000.0,360.0,1.0,Semiurban,Y,4269000.0,31.85820895522388,30.0,0.03138908409463575
262,LP001870,Female,No,1,Graduate,No,3481000.0,0.0,155000.0,36.0,1.0,Semiurban,N,3481000.0,22.45806451612903,3.0,0.04452743464521689
263,LP001871,Female,No,0,Graduate,No,7200000.0,0.0,120000.0,360.0,1.0,Rural,Y,7200000.0,60.0,30.0,0.016666666666666666
264,LP001872,Male,No,0,Graduate,Yes,5166000.0,0.0,128000.0,360.0,1.0,Semiurban,Y,5166000.0,40.359375,30.0,0.024777390631049168
265,LP001875,Male,No,0,Graduate,No,4095000.0,3447000.0,151000.0,360.0,1.0,Rural,Y,7542000.0,49.94701986754967,30.0,0.02002121453195439
266,LP001877,Male,Yes,2,Graduate,No,4708000.0,1387000.0,150000.0,360.0,1.0,Semiurban,Y,6095000.0,40.63333333333333,30.0,0.02461033634126333
267,LP001882,Male,Yes,3+,Graduate,No,4333000.0,1811000.0,160000.0,360.0,0.0,Urban,Y,6144000.0,38.4,30.0,0.026041666666666668
268,LP001883,Female,No,0,Graduate,No,3418000.0,0.0,135000.0,360.0,1.0,Rural,N,3418000.0,25.31851851851852,30.0,0.03949678174370977
269,LP001884,Female,No,1,Graduate,No,2876000.0,1560000.0,90000.0,360.0,1.0,Urban,Y,4436000.0,49.28888888888889,30.0,0.02028854824165915
270,LP001888,Female,No,0,Graduate,No,3237000.0,0.0,30000.0,360.0,1.0,Urban,Y,3237000.0,107.9,30.0,0.009267840593141797
271,LP001891,Male,Yes,0,Graduate,No,10171250.0,0.0,136000.0,360.0,1.0,Urban,Y,10171250.0,74.78860294117646,30.0,0.013371021260906968
272,LP001892,Male,No,0,Graduate,No,2833000.0,1857000.0,126000.0,360.0,1.0,Rural,Y,4690000.0,37.22222222222222,30.0,0.026865671641791045
273,LP001894,Male,Yes,0,Graduate,No,2620000.0,2223000.0,150000.0,360.0,1.0,Semiurban,Y,4843000.0,32.28666666666667,30.0,0.03097253768325418
274,LP001896,Male,Yes,2,Graduate,No,3900000.0,0.0,90000.0,360.0,1.0,Semiurban,Y,3900000.0,43.333333333333336,30.0,0.023076923076923078
275,LP001900,Male,Yes,1,Graduate,No,2750000.0,1842000.0,115000.0,360.0,1.0,Semiurban,Y,4592000.0,39.93043478260869,30.0,0.02504355400696864
276,LP001903,Male,Yes,0,Graduate,No,3993000.0,3274000.0,207000.0,360.0,1.0,Semiurban,Y,7267000.0,35.106280193236714,30.0,0.02848493188385854
277,LP001904,Male,Yes,0,Graduate,No,3103000.0,1300000.0,80000.0,360.0,1.0,Urban,Y,4403000.0,55.0375,30.0,0.018169429934135818
278,LP001907,Male,Yes,0,Graduate,No,10171250.0,0.0,261500.0,360.0,1.0,Semiurban,Y,10171250.0,38.895793499043975,30.0,0.025709721027405676
279,LP001908,Female,Yes,0,Not Graduate,No,4100000.0,0.0,124000.0,360.0,0.0,Rural,Y,4100000.0,33.064516129032256,30.0,0.03024390243902439
280,LP001910,Male,No,1,Not Graduate,Yes,4053000.0,2426000.0,158000.0,360.0,0.0,Urban,N,6479000.0,41.00632911392405,30.0,0.02438647939496836
281,LP001914,Male,Yes,0,Graduate,No,3927000.0,800000.0,112000.0,360.0,1.0,Semiurban,Y,4727000.0,42.205357142857146,30.0,0.0236936746350751
282,LP001915,Male,Yes,2,Graduate,No,2301000.0,985799.9878,78000.0,180.0,1.0,Urban,Y,3286799.9878000002,42.13846138205128,15.0,0.023731288879615953
283,LP001917,Female,No,0,Graduate,No,1811000.0,1666000.0,54000.0,360.0,1.0,Urban,Y,3477000.0,64.38888888888889,30.0,0.015530629853321829
284,LP001922,Male,Yes,0,Graduate,No,10171250.0,0.0,146412.16216216216,360.0,1.0,Rural,N,10171250.0,69.46998015598321,30.0,0.01439470686121786
285,LP001924,Male,No,0,Graduate,No,3158000.0,3053000.0,89000.0,360.0,1.0,Rural,Y,6211000.0,69.78651685393258,30.0,0.014329415553051039
286,LP001925,Female,No,0,Graduate,Yes,2600000.0,1717000.0,99000.0,300.0,1.0,Semiurban,N,4317000.0,43.60606060606061,25.0,0.022932592077831826
287,LP001926,Male,Yes,0,Graduate,No,3704000.0,2000000.0,120000.0,360.0,1.0,Rural,Y,5704000.0,47.53333333333333,30.0,0.021037868162692847
288,LP001931,Female,No,0,Graduate,No,4124000.0,0.0,115000.0,360.0,1.0,Semiurban,Y,4124000.0,35.86086956521739,30.0,0.027885548011639186
289,LP001935,Male,No,0,Graduate,No,9508000.0,0.0,187000.0,360.0,1.0,Rural,Y,9508000.0,50.844919786096256,30.0,0.019667648296171646
290,LP001936,Male,Yes,0,Graduate,No,3075000.0,2416000.0,139000.0,360.0,1.0,Rural,Y,5491000.0,39.50359712230216,30.0,0.025314150427973046
291,LP001938,Male,Yes,2,Graduate,No,4400000.0,0.0,127000.0,360.0,0.0,Semiurban,N,4400000.0,34.645669291338585,30.0,0.028863636363636362
292,LP001940,Male,Yes,2,Graduate,No,3153000.0,1560000.0,134000.0,360.0,1.0,Urban,Y,4713000.0,35.17164179104478,30.0,0.028431996605134735
293,LP001945,Female,No,0,Graduate,No,5417000.0,0.0,143000.0,480.0,0.0,Urban,N,5417000.0,37.88111888111888,40.0,0.026398375484585564
294,LP001947,Male,Yes,0,Graduate,No,2383000.0,3334000.0,172000.0,360.0,1.0,Semiurban,Y,5717000.0,33.23837209302326,30.0,0.03008570928808816
295,LP001949,Male,Yes,3+,Graduate,No,4416000.0,1250000.0,110000.0,360.0,1.0,Urban,Y,5666000.0,51.50909090909091,30.0,0.01941404871161313
296,LP001953,Male,Yes,1,Graduate,No,6875000.0,0.0,200000.0,360.0,1.0,Semiurban,Y,6875000.0,34.375,30.0,0.02909090909090909
297,LP001954,Female,Yes,1,Graduate,No,4666000.0,0.0,135000.0,360.0,1.0,Urban,Y,4666000.0,34.56296296296296,30.0,0.028932704672096014
298,LP001955,Female,No,0,Graduate,No,5000000.0,2541000.0,151000.0,480.0,1.0,Rural,N,7541000.0,49.94039735099338,40.0,0.020023869513327144
299,LP001963,Male,Yes,1,Graduate,No,2014000.0,2925000.0,113000.0,360.0,1.0,Urban,N,4939000.0,43.70796460176991,30.0,0.02287912532901397
300,LP001964,Male,Yes,0,Not Graduate,No,1800000.0,2934000.0,93000.0,360.0,0.0,Urban,N,4734000.0,50.903225806451616,30.0,0.01964512040557668
301,LP001972,Male,Yes,0,Not Graduate,No,2875000.0,1750000.0,105000.0,360.0,1.0,Semiurban,Y,4625000.0,44.04761904761905,30.0,0.022702702702702703
302,LP001974,Female,No,0,Graduate,No,5000000.0,0.0,132000.0,360.0,1.0,Rural,Y,5000000.0,37.878787878787875,30.0,0.0264
303,LP001977,Male,Yes,1,Graduate,No,1625000.0,1803000.0,96000.0,360.0,1.0,Urban,Y,3428000.0,35.708333333333336,30.0,0.028004667444574097
304,LP001978,Male,No,0,Graduate,No,4000000.0,2500000.0,140000.0,360.0,1.0,Rural,Y,6500000.0,46.42857142857143,30.0,0.021538461538461538
305,LP001990,Male,No,0,Not Graduate,No,2000000.0,0.0,146412.16216216216,360.0,1.0,Urban,N,2000000.0,13.660067377359361,30.0,0.07320608108108108
306,LP001993,Female,No,0,Graduate,No,3762000.0,1666000.0,135000.0,360.0,1.0,Rural,Y,5428000.0,40.20740740740741,30.0,0.024871039056742816
307,LP001994,Female,No,0,Graduate,No,2400000.0,1863000.0,104000.0,360.0,0.0,Urban,N,4263000.0,40.99038461538461,30.0,0.02439596528266479
308,LP001996,Male,No,0,Graduate,No,10171250.0,0.0,261500.0,360.0,1.0,Rural,N,10171250.0,38.895793499043975,30.0,0.025709721027405676
309,LP001998,Male,Yes,2,Not Graduate,No,7667000.0,0.0,185000.0,360.0,0.0,Rural,Y,7667000.0,41.443243243243245,30.0,0.024129385678883526
310,LP002002,Female,No,0,Graduate,No,2917000.0,0.0,84000.0,360.0,1.0,Semiurban,Y,2917000.0,34.726190476190474,30.0,0.028796708947548853
311,LP002004,Male,No,0,Not Graduate,No,2927000.0,2405000.0,111000.0,360.0,1.0,Semiurban,Y,5332000.0,48.03603603603604,30.0,0.020817704426106528
312,LP002006,Female,No,0,Graduate,No,2507000.0,0.0,56000.0,360.0,1.0,Rural,Y,2507000.0,44.767857142857146,30.0,0.022337455125648185
313,LP002008,Male,Yes,2,Graduate,Yes,5746000.0,0.0,144000.0,84.0,0.0,Rural,Y,5746000.0,39.90277777777778,7.0,0.025060911938739994
314,LP002024,Male,Yes,0,Graduate,No,2473000.0,1843000.0,159000.0,360.0,1.0,Rural,N,4316000.0,27.144654088050313,30.0,0.036839666357738644
315,LP002031,Male,Yes,1,Not Graduate,No,3399000.0,1640000.0,111000.0,180.0,1.0,Urban,Y,5039000.0,45.3963963963964,15.0,0.022028180194483032
316,LP002035,Male,Yes,2,Graduate,No,3717000.0,0.0,120000.0,360.0,1.0,Semiurban,Y,3717000.0,30.975,30.0,0.03228410008071025
317,LP002036,Male,Yes,0,Graduate,No,2058000.0,2134000.0,88000.0,360.0,0.0,Urban,Y,4192000.0,47.63636363636363,30.0,0.02099236641221374
318,LP002043,Female,No,1,Graduate,No,3541000.0,0.0,112000.0,360.0,0.0,Semiurban,Y,3541000.0,31.616071428571427,30.0,0.031629483196837054
319,LP002050,Male,Yes,1,Graduate,Yes,10000000.0,0.0,155000.0,360.0,1.0,Rural,N,10000000.0,64.51612903225806,30.0,0.0155
320,LP002051,Male,Yes,0,Graduate,No,2400000.0,2167000.0,115000.0,360.0,1.0,Semiurban,Y,4567000.0,39.71304347826087,30.0,0.025180643748631486
321,LP002053,Male,Yes,3+,Graduate,No,4342000.0,189000.0,124000.0,360.0,1.0,Semiurban,Y,4531000.0,36.54032258064516,30.0,0.027367027146325315
322,LP002054,Male,Yes,2,Not Graduate,No,3601000.0,1590000.0,146412.16216216216,360.0,1.0,Rural,Y,5191000.0,35.45470487793622,30.0,0.028205001379726865
323,LP002055,Female,No,0,Graduate,No,3166000.0,2985000.0,132000.0,360.0,0.0,Rural,Y,6151000.0,46.59848484848485,30.0,0.021459925215412127
324,LP002065,Male,Yes,3+,Graduate,No,10171250.0,0.0,261500.0,360.0,1.0,Rural,Y,10171250.0,38.895793499043975,30.0,0.025709721027405676
325,LP002067,Male,Yes,1,Graduate,Yes,8666000.0,4983000.0,261500.0,360.0,0.0,Rural,N,13649000.0,52.19502868068834,30.0,0.019158912740860137
326,LP002068,Male,No,0,Graduate,No,4917000.0,0.0,130000.0,360.0,0.0,Rural,Y,4917000.0,37.823076923076925,30.0,0.026438885499288182
327,LP002082,Male,Yes,0,Graduate,Yes,5818000.0,2160000.0,184000.0,360.0,1.0,Semiurban,Y,7978000.0,43.358695652173914,30.0,0.023063424417147156
328,LP002086,Female,Yes,0,Graduate,No,4333000.0,2451000.0,110000.0,360.0,1.0,Urban,N,6784000.0,61.67272727272727,30.0,0.016214622641509434
329,LP002087,Female,No,0,Graduate,No,2500000.0,0.0,67000.0,360.0,1.0,Urban,Y,2500000.0,37.3134328358209,30.0,0.0268
330,LP002097,Male,No,1,Graduate,No,4384000.0,1793000.0,117000.0,360.0,1.0,Urban,Y,6177000.0,52.794871794871796,30.0,0.01894123360854784
331,LP002098,Male,No,0,Graduate,No,2935000.0,0.0,98000.0,360.0,1.0,Semiurban,Y,2935000.0,29.948979591836736,30.0,0.03339011925042589
332,LP002100,Male,No,0,Graduate,No,2833000.0,0.0,71000.0,360.0,1.0,Urban,Y,2833000.0,39.901408450704224,30.0,0.025061771973173313
333,LP002101,Male,Yes,0,Graduate,No,10171250.0,0.0,261500.0,180.0,1.0,Urban,Y,10171250.0,38.895793499043975,15.0,0.025709721027405676
334,LP002103,Male,Yes,1,Graduate,Yes,9833000.0,1833000.0,182000.0,180.0,1.0,Urban,Y,11666000.0,64.0989010989011,15.0,0.015600891479513115
335,LP002106,Male,Yes,0,Graduate,Yes,5503000.0,4490000.0,70000.0,342.0,1.0,Semiurban,Y,9993000.0,142.75714285714287,28.5,0.007004903432402682
336,LP002110,Male,Yes,1,Graduate,No,5250000.0,688000.0,160000.0,360.0,1.0,Rural,Y,5938000.0,37.1125,30.0,0.02694509936005389
337,LP002112,Male,Yes,2,Graduate,Yes,2500000.0,4600000.0,176000.0,360.0,1.0,Rural,Y,7100000.0,40.34090909090909,30.0,0.024788732394366197
338,LP002113,Female,No,3+,Not Graduate,No,1830000.0,0.0,146412.16216216216,360.0,0.0,Urban,N,1830000.0,12.498961650283816,30.0,0.08000664599025255
339,LP002114,Female,No,0,Graduate,No,4160000.0,0.0,71000.0,360.0,1.0,Semiurban,Y,4160000.0,58.59154929577465,30.0,0.01706730769230769
340,LP002115,Male,Yes,3+,Not Graduate,No,2647000.0,1587000.0,173000.0,360.0,1.0,Rural,N,4234000.0,24.473988439306357,30.0,0.040859707132735006
341,LP002116,Female,No,0,Graduate,No,2378000.0,0.0,46000.0,360.0,1.0,Rural,N,2378000.0,51.69565217391305,30.0,0.01934398654331371
342,LP002119,Male,Yes,1,Not Graduate,No,4554000.0,1229000.0,158000.0,360.0,1.0,Urban,Y,5783000.0,36.60126582278481,30.0,0.027321459450112398
343,LP002126,Male,Yes,3+,Not Graduate,No,3173000.0,0.0,74000.0,360.0,1.0,Semiurban,Y,3173000.0,42.87837837837838,30.0,0.023321777497636306
344,LP002128,Male,Yes,2,Graduate,No,2583000.0,2330000.0,125000.0,360.0,1.0,Rural,Y,4913000.0,39.304,30.0,0.0254427030327702
345,LP002129,Male,Yes,0,Graduate,No,2499000.0,2458000.0,160000.0,360.0,1.0,Semiurban,Y,4957000.0,30.98125,30.0,0.03227758725035303
346,LP002130,Male,Yes,0,Not Graduate,No,3523000.0,3230000.0,152000.0,360.0,0.0,Rural,N,6753000.0,44.42763157894737,30.0,0.02250851473419221
347,LP002131,Male,Yes,2,Not Graduate,No,3083000.0,2168000.0,126000.0,360.0,1.0,Urban,Y,5251000.0,41.67460317460318,30.0,0.023995429442011044
348,LP002137,Male,Yes,0,Graduate,No,6333000.0,4583000.0,259000.0,360.0,0.0,Semiurban,Y,10916000.0,42.14671814671814,30.0,0.02372663979479663
349,LP002138,Male,Yes,0,Graduate,No,2625000.0,5743125.0,187000.0,360.0,1.0,Rural,Y,8368125.0,44.74933155080214,30.0,0.02234670251699156
350,LP002139,Male,Yes,0,Graduate,No,9083000.0,0.0,228000.0,360.0,1.0,Semiurban,Y,9083000.0,39.83771929824562,30.0,0.025101838599581636
351,LP002140,Male,No,0,Graduate,No,8750000.0,4167000.0,261500.0,360.0,1.0,Rural,N,12917000.0,49.395793499043975,30.0,0.02024463884802973
352,LP002141,Male,Yes,3+,Graduate,No,2666000.0,2083000.0,95000.0,360.0,1.0,Rural,Y,4749000.0,49.98947368421052,30.0,0.02000421141292904
353,LP002142,Female,Yes,0,Graduate,Yes,5500000.0,0.0,105000.0,360.0,0.0,Rural,N,5500000.0,52.38095238095238,30.0,0.019090909090909092
354,LP002143,Female,Yes,0,Graduate,No,2423000.0,505000.0,130000.0,360.0,1.0,Semiurban,Y,2928000.0,22.523076923076925,30.0,0.04439890710382514
355,LP002144,Female,No,0,Graduate,No,3813000.0,0.0,116000.0,180.0,1.0,Urban,Y,3813000.0,32.87068965517241,15.0,0.03042223970626803
356,LP002149,Male,Yes,2,Graduate,No,8333000.0,3167000.0,165000.0,360.0,1.0,Rural,Y,11500000.0,69.6969696969697,30.0,0.014347826086956521
357,LP002151,Male,Yes,1,Graduate,No,3875000.0,0.0,67000.0,360.0,1.0,Urban,N,3875000.0,57.83582089552239,30.0,0.01729032258064516
358,LP002158,Male,Yes,0,Not Graduate,No,3000000.0,1666000.0,100000.0,480.0,0.0,Urban,N,4666000.0,46.66,40.0,0.021431633090441493
359,LP002160,Male,Yes,3+,Graduate,No,5167000.0,3167000.0,200000.0,360.0,1.0,Semiurban,Y,8334000.0,41.67,30.0,0.023998080153587713
360,LP002161,Female,No,1,Graduate,No,4723000.0,0.0,81000.0,360.0,1.0,Semiurban,N,4723000.0,58.30864197530864,30.0,0.017150116451408005
361,LP002170,Male,Yes,2,Graduate,No,5000000.0,3667000.0,236000.0,360.0,1.0,Semiurban,Y,8667000.0,36.72457627118644,30.0,0.027229721933771777
362,LP002175,Male,Yes,0,Graduate,No,4750000.0,2333000.0,130000.0,360.0,1.0,Urban,Y,7083000.0,54.48461538461538,30.0,0.01835380488493576
363,LP002178,Male,Yes,0,Graduate,No,3013000.0,3033000.0,95000.0,300.0,0.0,Urban,Y,6046000.0,63.642105263157895,25.0,0.0157128680119087
364,LP002180,Male,No,0,Graduate,Yes,6822000.0,0.0,141000.0,360.0,1.0,Rural,Y,6822000.0,48.38297872340426,30.0,0.020668425681618294
365,LP002181,Male,No,0,Not Graduate,No,6216000.0,0.0,133000.0,360.0,1.0,Rural,N,6216000.0,46.73684210526316,30.0,0.021396396396396396
366,LP002187,Male,No,0,Graduate,No,2500000.0,0.0,96000.0,480.0,1.0,Semiurban,N,2500000.0,26.041666666666668,40.0,0.0384
367,LP002188,Male,No,0,Graduate,No,5124000.0,0.0,124000.0,342.0,0.0,Rural,N,5124000.0,41.32258064516129,28.5,0.02419984387197502
368,LP002190,Male,Yes,1,Graduate,No,6325000.0,0.0,175000.0,360.0,1.0,Semiurban,Y,6325000.0,36.142857142857146,30.0,0.02766798418972332
369,LP002191,Male,Yes,0,Graduate,No,10171250.0,5266000.0,261500.0,360.0,1.0,Rural,N,15437250.0,59.03346080305927,30.0,0.0169395455796855
370,LP002194,Female,No,0,Graduate,Yes,10171250.0,0.0,55000.0,360.0,1.0,Semiurban,Y,10171250.0,184.9318181818182,30.0,0.005407398304043259
371,LP002197,Male,Yes,2,Graduate,No,5185000.0,0.0,155000.0,360.0,1.0,Semiurban,Y,5185000.0,33.45161290322581,30.0,0.029893924783027964
372,LP002201,Male,Yes,2,Graduate,Yes,9323000.0,5743125.0,261500.0,300.0,1.0,Rural,Y,15066125.0,57.614244741873804,25.0,0.01735681869093745
373,LP002205,Male,No,1,Graduate,No,3062000.0,1987000.0,111000.0,180.0,0.0,Urban,N,5049000.0,45.486486486486484,15.0,0.021984551396316103
374,LP002209,Female,No,0,Graduate,No,2764000.0,1459000.0,110000.0,360.0,1.0,Urban,Y,4223000.0,38.39090909090909,30.0,0.02604783329386692
375,LP002211,Male,Yes,0,Graduate,No,4817000.0,923000.0,120000.0,180.0,1.0,Urban,Y,5740000.0,47.833333333333336,15.0,0.020905923344947737
376,LP002219,Male,Yes,3+,Graduate,No,8750000.0,4996000.0,130000.0,360.0,1.0,Rural,Y,13746000.0,105.73846153846154,30.0,0.009457296668121635
377,LP002223,Male,Yes,0,Graduate,No,4310000.0,0.0,130000.0,360.0,0.0,Semiurban,Y,4310000.0,33.15384615384615,30.0,0.030162412993039442
378,LP002224,Male,No,0,Graduate,No,3069000.0,0.0,71000.0,480.0,1.0,Urban,N,3069000.0,43.225352112676056,40.0,0.023134571521668295
379,LP002225,Male,Yes,2,Graduate,No,5391000.0,0.0,130000.0,360.0,1.0,Urban,Y,5391000.0,41.46923076923077,30.0,0.024114264514932295
380,LP002226,Male,Yes,0,Graduate,No,3333000.0,2500000.0,128000.0,360.0,1.0,Semiurban,Y,5833000.0,45.5703125,30.0,0.021944111092062405
381,LP002229,Male,No,0,Graduate,No,5941000.0,4232000.0,261500.0,360.0,1.0,Semiurban,Y,10173000.0,38.90248565965583,30.0,0.0257052983387398
382,LP002231,Female,No,0,Graduate,No,6000000.0,0.0,156000.0,360.0,1.0,Urban,Y,6000000.0,38.46153846153846,30.0,0.026
383,LP002234,Male,No,0,Graduate,Yes,7167000.0,0.0,128000.0,360.0,1.0,Urban,Y,7167000.0,55.9921875,30.0,0.017859634435607646
384,LP002236,Male,Yes,2,Graduate,No,4566000.0,0.0,100000.0,360.0,1.0,Urban,N,4566000.0,45.66,30.0,0.021901007446342532
385,LP002237,Male,No,1,Graduate,No,3667000.0,0.0,113000.0,180.0,1.0,Urban,Y,3667000.0,32.45132743362832,15.0,0.030815380419961822
386,LP002239,Male,No,0,Not Graduate,No,2346000.0,1600000.0,132000.0,360.0,1.0,Semiurban,Y,3946000.0,29.893939393939394,30.0,0.03345159655347187
387,LP002243,Male,Yes,0,Not Graduate,No,3010000.0,3136000.0,146412.16216216216,360.0,0.0,Urban,N,6146000.0,41.97738705062532,30.0,0.023822349847406794
388,LP002244,Male,Yes,0,Graduate,No,2333000.0,2417000.0,136000.0,360.0,1.0,Urban,Y,4750000.0,34.9264705882353,30.0,0.02863157894736842
389,LP002250,Male,Yes,0,Graduate,No,5488000.0,0.0,125000.0,360.0,1.0,Rural,Y,5488000.0,43.904,30.0,0.022776967930029153
390,LP002255,Male,No,3+,Graduate,No,9167000.0,0.0,185000.0,360.0,1.0,Rural,Y,9167000.0,49.55135135135135,30.0,0.020181084324206393
391,LP002262,Male,Yes,3+,Graduate,No,9504000.0,0.0,261500.0,360.0,1.0,Rural,Y,9504000.0,36.34416826003824,30.0,0.02751473063973064
392,LP002263,Male,Yes,0,Graduate,No,2583000.0,2115000.0,120000.0,360.0,0.0,Urban,Y,4698000.0,39.15,30.0,0.02554278416347382
393,LP002265,Male,Yes,2,Not Graduate,No,1993000.0,1625000.0,113000.0,180.0,1.0,Semiurban,Y,3618000.0,32.017699115044245,15.0,0.03123272526257601
394,LP002266,Male,Yes,2,Graduate,No,3100000.0,1400000.0,113000.0,360.0,1.0,Urban,Y,4500000.0,39.823008849557525,30.0,0.025111111111111112
395,LP002272,Male,Yes,2,Graduate,No,3276000.0,484000.0,135000.0,360.0,0.0,Semiurban,Y,3760000.0,27.85185185185185,30.0,0.03590425531914894
396,LP002277,Female,No,0,Graduate,No,3180000.0,0.0,71000.0,360.0,0.0,Urban,N,3180000.0,44.7887323943662,30.0,0.02232704402515723
397,LP002281,Male,Yes,0,Graduate,No,3033000.0,1459000.0,95000.0,360.0,1.0,Urban,Y,4492000.0,47.28421052631579,30.0,0.021148708815672306
398,LP002284,Male,No,0,Not Graduate,No,3902000.0,1666000.0,109000.0,360.0,1.0,Rural,Y,5568000.0,51.08256880733945,30.0,0.019576149425287355
399,LP002287,Female,No,0,Graduate,No,1500000.0,1800000.0,103000.0,360.0,0.0,Semiurban,N,3300000.0,32.03883495145631,30.0,0.031212121212121212
400,LP002288,Male,Yes,2,Not Graduate,No,2889000.0,0.0,45000.0,180.0,0.0,Urban,N,2889000.0,64.2,15.0,0.01557632398753894
401,LP002296,Male,No,0,Not Graduate,No,2755000.0,0.0,65000.0,300.0,1.0,Rural,N,2755000.0,42.38461538461539,25.0,0.023593466424682397
402,LP002297,Male,No,0,Graduate,No,2500000.0,5743125.0,103000.0,360.0,1.0,Semiurban,Y,8243125.0,80.03033980582525,30.0,0.01249526120251725
403,LP002300,Female,No,0,Not Graduate,No,1963000.0,0.0,53000.0,360.0,1.0,Semiurban,Y,1963000.0,37.0377358490566,30.0,0.026999490575649515
404,LP002301,Female,No,0,Graduate,Yes,7441000.0,0.0,194000.0,360.0,1.0,Rural,N,7441000.0,38.355670103092784,30.0,0.026071764547775836
405,LP002305,Female,No,0,Graduate,No,4547000.0,0.0,115000.0,360.0,1.0,Semiurban,Y,4547000.0,39.53913043478261,30.0,0.025291400923685946
406,LP002308,Male,Yes,0,Not Graduate,No,2167000.0,2400000.0,115000.0,360.0,1.0,Urban,Y,4567000.0,39.71304347826087,30.0,0.025180643748631486
407,LP002314,Female,No,0,Not Graduate,No,2213000.0,0.0,66000.0,360.0,1.0,Rural,Y,2213000.0,33.53030303030303,30.0,0.0298237686398554
408,LP002315,Male,Yes,1,Graduate,No,8300000.0,0.0,152000.0,300.0,0.0,Semiurban,N,8300000.0,54.60526315789474,25.0,0.018313253012048194
409,LP002317,Male,Yes,3+,Graduate,No,10171250.0,0.0,261500.0,360.0,0.0,Rural,N,10171250.0,38.895793499043975,30.0,0.025709721027405676
410,LP002318,Female,No,1,Not Graduate,Yes,3867000.0,0.0,62000.0,360.0,1.0,Semiurban,N,3867000.0,62.37096774193548,30.0,0.016033100594776313
411,LP002319,Male,Yes,0,Graduate,No,6256000.0,0.0,160000.0,360.0,0.0,Urban,Y,6256000.0,39.1,30.0,0.02557544757033248
412,LP002328,Male,Yes,0,Not Graduate,No,6096000.0,0.0,218000.0,360.0,0.0,Rural,N,6096000.0,27.96330275229358,30.0,0.035761154855643046
413,LP002332,Male,Yes,0,Not Graduate,No,2253000.0,2033000.0,110000.0,360.0,1.0,Rural,Y,4286000.0,38.96363636363636,30.0,0.025664955669622024
414,LP002335,Female,Yes,0,Not Graduate,No,2149000.0,3237000.0,178000.0,360.0,0.0,Semiurban,N,5386000.0,30.258426966292134,30.0,0.03304864463423691
415,LP002337,Female,No,0,Graduate,No,2995000.0,0.0,60000.0,360.0,1.0,Urban,Y,2995000.0,49.916666666666664,30.0,0.02003338898163606
416,LP002341,Female,No,1,Graduate,No,2600000.0,0.0,160000.0,360.0,1.0,Urban,N,2600000.0,16.25,30.0,0.06153846153846154
417,LP002342,Male,Yes,2,Graduate,Yes,1600000.0,5743125.0,239000.0,360.0,1.0,Urban,N,7343125.0,30.72437238493724,30.0,0.032547450846880585
418,LP002345,Male,Yes,0,Graduate,No,1025000.0,2773000.0,112000.0,360.0,1.0,Rural,Y,3798000.0,33.910714285714285,30.0,0.02948920484465508
419,LP002347,Male,Yes,0,Graduate,No,3246000.0,1417000.0,138000.0,360.0,1.0,Semiurban,Y,4663000.0,33.789855072463766,30.0,0.029594681535492173
420,LP002348,Male,Yes,0,Graduate,No,5829000.0,0.0,138000.0,360.0,1.0,Rural,Y,5829000.0,42.23913043478261,30.0,0.023674729799279464
421,LP002357,Female,No,0,Not Graduate,No,2720000.0,0.0,80000.0,342.0,0.0,Urban,N,2720000.0,34.0,28.5,0.029411764705882353
422,LP002361,Male,Yes,0,Graduate,No,1820000.0,1719000.0,100000.0,360.0,1.0,Urban,Y,3539000.0,35.39,30.0,0.028256569652444195
423,LP002362,Male,Yes,1,Graduate,No,7250000.0,1667000.0,110000.0,342.0,0.0,Urban,N,8917000.0,81.06363636363636,28.5,0.01233598743972188
424,LP002364,Male,Yes,0,Graduate,No,10171250.0,0.0,96000.0,360.0,1.0,Semiurban,Y,10171250.0,105.95052083333333,30.0,0.009438367948875507
425,LP002366,Male,Yes,0,Graduate,No,2666000.0,4300000.0,121000.0,360.0,1.0,Rural,Y,6966000.0,57.570247933884296,30.0,0.01737008326155613
426,LP002367,Female,No,1,Not Graduate,No,4606000.0,0.0,81000.0,360.0,1.0,Rural,N,4606000.0,56.864197530864196,30.0,0.017585757707338254
427,LP002368,Male,Yes,2,Graduate,No,5935000.0,0.0,133000.0,360.0,1.0,Semiurban,Y,5935000.0,44.62406015037594,30.0,0.02240943555181129
428,LP002369,Male,Yes,0,Graduate,No,2920000.0,16120.000839999999,87000.0,360.0,1.0,Rural,Y,2936120.00084,33.748505756781604,30.0,0.02963094150617482
429,LP002370,Male,No,0,Not Graduate,No,2717000.0,0.0,60000.0,180.0,1.0,Urban,Y,2717000.0,45.28333333333333,15.0,0.02208317997791682
430,LP002377,Female,No,1,Graduate,Yes,8624000.0,0.0,150000.0,360.0,1.0,Semiurban,Y,8624000.0,57.49333333333333,30.0,0.017393320964749538
431,LP002379,Male,No,0,Graduate,No,6500000.0,0.0,105000.0,360.0,0.0,Rural,N,6500000.0,61.904761904761905,30.0,0.016153846153846154
432,LP002386,Male,No,0,Graduate,No,10171250.0,0.0,261500.0,360.0,1.0,Semiurban,Y,10171250.0,38.895793499043975,30.0,0.025709721027405676
433,LP002387,Male,Yes,0,Graduate,No,2425000.0,2340000.0,143000.0,360.0,1.0,Semiurban,Y,4765000.0,33.32167832167832,30.0,0.030010493179433367
434,LP002390,Male,No,0,Graduate,No,3750000.0,0.0,100000.0,360.0,1.0,Urban,Y,3750000.0,37.5,30.0,0.02666666666666667
435,LP002393,Female,No,0,Graduate,No,10047000.0,0.0,146412.16216216216,240.0,1.0,Semiurban,Y,10047000.0,68.62134847016475,20.0,0.01457272441148225
436,LP002398,Male,No,0,Graduate,No,1926000.0,1851000.0,50000.0,360.0,1.0,Semiurban,Y,3777000.0,75.54,30.0,0.013238019592268996
437,LP002401,Male,Yes,0,Graduate,No,2213000.0,1125000.0,146412.16216216216,360.0,1.0,Urban,Y,3338000.0,22.798652452812775,30.0,0.0438622415105339
438,LP002403,Male,No,0,Graduate,Yes,10171250.0,0.0,187000.0,360.0,0.0,Urban,N,10171250.0,54.39171122994652,30.0,0.01838515423374708
439,LP002407,Female,Yes,0,Not Graduate,Yes,7142000.0,0.0,138000.0,360.0,1.0,Rural,Y,7142000.0,51.7536231884058,30.0,0.019322318678241388
440,LP002408,Male,No,0,Graduate,No,3660000.0,5064000.0,187000.0,360.0,1.0,Semiurban,Y,8724000.0,46.6524064171123,30.0,0.021435121503897293
441,LP002409,Male,Yes,0,Graduate,No,7901000.0,1833000.0,180000.0,360.0,1.0,Rural,Y,9734000.0,54.077777777777776,30.0,0.018491884117526197
442,LP002418,Male,No,3+,Not Graduate,No,4707000.0,1993000.0,148000.0,360.0,1.0,Semiurban,Y,6700000.0,45.270270270270274,30.0,0.02208955223880597
443,LP002422,Male,No,1,Graduate,No,10171250.0,0.0,152000.0,360.0,1.0,Semiurban,Y,10171250.0,66.91611842105263,30.0,0.014944082585719552
444,LP002424,Male,Yes,0,Graduate,No,7333000.0,5743125.0,175000.0,300.0,0.0,Rural,Y,13076125.0,74.72071428571428,25.0,0.013383169708151307
445,LP002429,Male,Yes,1,Graduate,Yes,3466000.0,1210000.0,130000.0,360.0,1.0,Rural,Y,4676000.0,35.96923076923077,30.0,0.027801539777587682
446,LP002434,Male,Yes,2,Not Graduate,No,4652000.0,0.0,110000.0,360.0,1.0,Rural,Y,4652000.0,42.29090909090909,30.0,0.023645743766122097
447,LP002435,Male,Yes,0,Graduate,No,3539000.0,1376000.0,55000.0,360.0,1.0,Rural,N,4915000.0,89.36363636363636,30.0,0.011190233977619531
448,LP002443,Male,Yes,2,Graduate,No,3340000.0,1710000.0,150000.0,360.0,0.0,Rural,N,5050000.0,33.666666666666664,30.0,0.0297029702970297
449,LP002444,Male,No,1,Not Graduate,Yes,2769000.0,1542000.0,190000.0,360.0,0.0,Semiurban,N,4311000.0,22.689473684210526,30.0,0.04407330085826954
450,LP002446,Male,Yes,2,Not Graduate,No,2309000.0,1255000.0,125000.0,360.0,0.0,Rural,N,3564000.0,28.512,30.0,0.035072951739618406
451,LP002447,Male,Yes,2,Not Graduate,No,1958000.0,1456000.0,60000.0,300.0,0.0,Urban,Y,3414000.0,56.9,25.0,0.01757469244288225
452,LP002448,Male,Yes,0,Graduate,No,3948000.0,1733000.0,149000.0,360.0,0.0,Rural,N,5681000.0,38.12751677852349,30.0,0.02622777679985918
453,LP002449,Male,Yes,0,Graduate,No,2483000.0,2466000.0,90000.0,180.0,0.0,Rural,Y,4949000.0,54.98888888888889,15.0,0.018185492018589614
454,LP002453,Male,No,0,Graduate,Yes,7085000.0,0.0,84000.0,360.0,1.0,Semiurban,Y,7085000.0,84.3452380952381,30.0,0.011856033874382499
455,LP002455,Male,Yes,2,Graduate,No,3859000.0,0.0,96000.0,360.0,1.0,Semiurban,Y,3859000.0,40.197916666666664,30.0,0.024876911116869654
456,LP002459,Male,Yes,0,Graduate,No,4301000.0,0.0,118000.0,360.0,1.0,Urban,Y,4301000.0,36.44915254237288,30.0,0.027435480120902116
457,LP002467,Male,Yes,0,Graduate,No,3708000.0,2569000.0,173000.0,360.0,1.0,Urban,N,6277000.0,36.283236994219656,30.0,0.027560936753226063
458,LP002472,Male,No,2,Graduate,No,4354000.0,0.0,136000.0,360.0,1.0,Rural,Y,4354000.0,32.01470588235294,30.0,0.03123564538355535
459,LP002473,Male,Yes,0,Graduate,No,8334000.0,0.0,160000.0,360.0,1.0,Semiurban,N,8334000.0,52.0875,30.0,0.01919846412287017
460,LP002478,Male,Yes,0,Graduate,Yes,2083000.0,4083000.0,160000.0,360.0,0.0,Semiurban,Y,6166000.0,38.5375,30.0,0.025948751216347713
461,LP002484,Male,Yes,3+,Graduate,No,7740000.0,0.0,128000.0,180.0,1.0,Urban,Y,7740000.0,60.46875,15.0,0.016537467700258397
462,LP002487,Male,Yes,0,Graduate,No,3015000.0,2188000.0,153000.0,360.0,1.0,Rural,Y,5203000.0,34.00653594771242,30.0,0.02940611185854315
463,LP002489,Female,No,1,Not Graduate,No,5191000.0,0.0,132000.0,360.0,1.0,Semiurban,Y,5191000.0,39.32575757575758,30.0,0.025428626468888462
464,LP002493,Male,No,0,Graduate,No,4166000.0,0.0,98000.0,360.0,0.0,Semiurban,N,4166000.0,42.51020408163265,30.0,0.023523763802208355
465,LP002494,Male,No,0,Graduate,No,6000000.0,0.0,140000.0,360.0,1.0,Rural,Y,6000000.0,42.857142857142854,30.0,0.023333333333333334
466,LP002500,Male,Yes,3+,Not Graduate,No,2947000.0,1664000.0,70000.0,180.0,0.0,Urban,N,4611000.0,65.87142857142857,15.0,0.015181088700932552
467,LP002501,Male,Yes,0,Graduate,No,10171250.0,0.0,110000.0,360.0,1.0,Semiurban,Y,10171250.0,92.4659090909091,30.0,0.010814796608086518
468,LP002502,Female,Yes,2,Not Graduate,No,210000.0,2917000.0,98000.0,360.0,1.0,Semiurban,Y,3127000.0,31.908163265306122,30.0,0.03133994243684042
469,LP002505,Male,Yes,0,Graduate,No,4333000.0,2451000.0,110000.0,360.0,1.0,Urban,N,6784000.0,61.67272727272727,30.0,0.016214622641509434
470,LP002515,Male,Yes,1,Graduate,Yes,3450000.0,2079000.0,162000.0,360.0,1.0,Semiurban,Y,5529000.0,34.129629629629626,30.0,0.02930005425935974
471,LP002517,Male,Yes,1,Not Graduate,No,2653000.0,1500000.0,113000.0,180.0,0.0,Rural,N,4153000.0,36.75221238938053,15.0,0.027209246327955693
472,LP002519,Male,Yes,3+,Graduate,No,4691000.0,0.0,100000.0,360.0,1.0,Semiurban,Y,4691000.0,46.91,30.0,0.021317416329140908
473,LP002522,Female,No,0,Graduate,Yes,2500000.0,0.0,93000.0,360.0,0.0,Urban,Y,2500000.0,26.881720430107528,30.0,0.0372
474,LP002524,Male,No,2,Graduate,No,5532000.0,4648000.0,162000.0,360.0,1.0,Rural,Y,10180000.0,62.839506172839506,30.0,0.015913555992141455
475,LP002527,Male,Yes,2,Graduate,Yes,10171250.0,1014000.0,150000.0,360.0,1.0,Rural,Y,11185250.0,74.56833333333333,30.0,0.013410518316532933
476,LP002529,Male,Yes,2,Graduate,No,6700000.0,1750000.0,230000.0,300.0,1.0,Semiurban,Y,8450000.0,36.73913043478261,25.0,0.027218934911242602
477,LP002530,Male,Yes,2,Graduate,No,2873000.0,1872000.0,132000.0,360.0,0.0,Semiurban,N,4745000.0,35.946969696969695,30.0,0.027818756585879872
478,LP002531,Male,Yes,1,Graduate,Yes,10171250.0,2250000.0,86000.0,360.0,1.0,Semiurban,Y,12421250.0,144.4331395348837,30.0,0.00692361879843011
479,LP002533,Male,Yes,2,Graduate,No,2947000.0,1603000.0,146412.16216216216,360.0,1.0,Urban,N,4550000.0,31.076653283492547,30.0,0.032178497178497176
480,LP002534,Female,No,0,Not Graduate,No,4350000.0,0.0,154000.0,360.0,1.0,Rural,Y,4350000.0,28.246753246753247,30.0,0.035402298850574714
481,LP002536,Male,Yes,3+,Not Graduate,No,3095000.0,0.0,113000.0,360.0,1.0,Rural,Y,3095000.0,27.38938053097345,30.0,0.03651050080775444
482,LP002537,Male,Yes,0,Graduate,No,2083000.0,3150000.0,128000.0,360.0,1.0,Semiurban,Y,5233000.0,40.8828125,30.0,0.024460156697878845
483,LP002541,Male,Yes,0,Graduate,No,10171250.0,0.0,234000.0,360.0,1.0,Semiurban,Y,10171250.0,43.46688034188034,30.0,0.023006021875384048
484,LP002543,Male,Yes,2,Graduate,No,8333000.0,0.0,246000.0,360.0,1.0,Semiurban,Y,8333000.0,33.8739837398374,30.0,0.029521180847233888
485,LP002544,Male,Yes,1,Not Graduate,No,1958000.0,2436000.0,131000.0,360.0,1.0,Rural,Y,4394000.0,33.541984732824424,30.0,0.029813381884387802
486,LP002545,Male,No,2,Graduate,No,3547000.0,0.0,80000.0,360.0,0.0,Rural,N,3547000.0,44.3375,30.0,0.02255427121511136
487,LP002547,Male,Yes,1,Graduate,No,10171250.0,0.0,261500.0,360.0,1.0,Urban,N,10171250.0,38.895793499043975,30.0,0.025709721027405676
488,LP002555,Male,Yes,2,Graduate,Yes,4583000.0,2083000.0,160000.0,360.0,1.0,Semiurban,Y,6666000.0,41.6625,30.0,0.024002400240024
489,LP002556,Male,No,0,Graduate,No,2435000.0,0.0,75000.0,360.0,1.0,Urban,N,2435000.0,32.46666666666667,30.0,0.030800821355236138
490,LP002560,Male,No,0,Not Graduate,No,2699000.0,2785000.0,96000.0,360.0,0.0,Semiurban,Y,5484000.0,57.125,30.0,0.0175054704595186
491,LP002562,Male,Yes,1,Not Graduate,No,5333000.0,1131000.0,186000.0,360.0,0.0,Urban,Y,6464000.0,34.75268817204301,30.0,0.028774752475247526
492,LP002571,Male,No,0,Not Graduate,No,3691000.0,0.0,110000.0,360.0,1.0,Rural,Y,3691000.0,33.554545454545455,30.0,0.029802221620157138
493,LP002582,Female,No,0,Not Graduate,Yes,10171250.0,0.0,225000.0,360.0,1.0,Semiurban,Y,10171250.0,45.205555555555556,30.0,0.02212117488017697
494,LP002585,Male,Yes,0,Graduate,No,3597000.0,2157000.0,119000.0,360.0,0.0,Rural,N,5754000.0,48.35294117647059,30.0,0.02068126520681265
495,LP002586,Female,Yes,1,Graduate,No,3326000.0,913000.0,105000.0,84.0,1.0,Semiurban,Y,4239000.0,40.371428571428574,7.0,0.024769992922859165
496,LP002587,Male,Yes,0,Not Graduate,No,2600000.0,1700000.0,107000.0,360.0,1.0,Rural,Y,4300000.0,40.18691588785047,30.0,0.02488372093023256
497,LP002588,Male,Yes,0,Graduate,No,4625000.0,2857000.0,111000.0,12.0,0.0,Urban,Y,7482000.0,67.4054054054054,1.0,0.01483560545308741
498,LP002600,Male,Yes,1,Graduate,Yes,2895000.0,0.0,95000.0,360.0,1.0,Semiurban,Y,2895000.0,30.473684210526315,30.0,0.03281519861830743
499,LP002602,Male,No,0,Graduate,No,6283000.0,4416000.0,209000.0,360.0,0.0,Rural,N,10699000.0,51.19138755980861,30.0,0.019534535937938125
500,LP002603,Female,No,0,Graduate,No,645000.0,3683000.0,113000.0,480.0,1.0,Rural,Y,4328000.0,38.30088495575221,40.0,0.0261090573012939
501,LP002606,Female,No,0,Graduate,No,3159000.0,0.0,100000.0,360.0,1.0,Semiurban,Y,3159000.0,31.59,30.0,0.03165558721114277
502,LP002615,Male,Yes,2,Graduate,No,4865000.0,5624000.0,208000.0,360.0,1.0,Semiurban,Y,10489000.0,50.42788461538461,30.0,0.01983029840785585
503,LP002618,Male,Yes,1,Not Graduate,No,4050000.0,5302000.0,138000.0,360.0,0.0,Rural,N,9352000.0,67.76811594202898,30.0,0.014756201881950384
504,LP002619,Male,Yes,0,Not Graduate,No,3814000.0,1483000.0,124000.0,300.0,1.0,Semiurban,Y,5297000.0,42.71774193548387,25.0,0.0234094770624882
505,LP002622,Male,Yes,2,Graduate,No,3510000.0,4416000.0,243000.0,360.0,1.0,Rural,Y,7926000.0,32.617283950617285,30.0,0.030658591975775928
506,LP002624,Male,Yes,0,Graduate,No,10171250.0,5743125.0,261500.0,360.0,0.0,Urban,Y,15914375.0,60.858030592734224,30.0,0.016431685190276088
507,LP002625,Male,No,0,Graduate,No,3583000.0,0.0,96000.0,360.0,1.0,Urban,N,3583000.0,37.322916666666664,30.0,0.026793190064192018
508,LP002626,Male,Yes,0,Graduate,Yes,2479000.0,3013000.0,188000.0,360.0,1.0,Urban,Y,5492000.0,29.21276595744681,30.0,0.03423160961398398
509,LP002634,Female,No,1,Graduate,No,10171250.0,0.0,40000.0,360.0,1.0,Urban,Y,10171250.0,254.28125,30.0,0.003932653312031461
510,LP002637,Male,No,0,Not Graduate,No,3598000.0,1287000.0,100000.0,360.0,1.0,Rural,N,4885000.0,48.85,30.0,0.02047082906857728
511,LP002640,Male,Yes,1,Graduate,No,6065000.0,2004000.0,250000.0,360.0,1.0,Semiurban,Y,8069000.0,32.276,30.0,0.030982773577890692
512,LP002643,Male,Yes,2,Graduate,No,3283000.0,2035000.0,148000.0,360.0,1.0,Urban,Y,5318000.0,35.932432432432435,30.0,0.027830011282437006
513,LP002648,Male,Yes,0,Graduate,No,2130000.0,5743125.0,70000.0,180.0,1.0,Semiurban,N,7873125.0,112.47321428571429,15.0,0.008891005795030563
514,LP002652,Male,No,0,Graduate,No,5815000.0,3666000.0,261500.0,360.0,1.0,Rural,N,9481000.0,36.25621414913958,30.0,0.02758147874696762
515,LP002659,Male,Yes,3+,Graduate,No,3466000.0,3428000.0,150000.0,360.0,1.0,Rural,Y,6894000.0,45.96,30.0,0.02175805047867711
516,LP002670,Female,Yes,2,Graduate,No,2031000.0,1632000.0,113000.0,480.0,1.0,Semiurban,Y,3663000.0,32.415929203539825,40.0,0.03084903084903085
517,LP002682,Male,Yes,0,Not Graduate,No,3074000.0,1800000.0,123000.0,360.0,0.0,Semiurban,N,4874000.0,39.6260162601626,30.0,0.025235945835043086
518,LP002683,Male,No,0,Graduate,No,4683000.0,1915000.0,185000.0,360.0,1.0,Semiurban,N,6598000.0,35.66486486486487,30.0,0.02803879963625341
519,LP002684,Female,No,0,Not Graduate,No,3400000.0,0.0,95000.0,360.0,1.0,Rural,N,3400000.0,35.78947368421053,30.0,0.027941176470588237
520,LP002689,Male,Yes,2,Not Graduate,No,2192000.0,1742000.0,45000.0,360.0,1.0,Semiurban,Y,3934000.0,87.42222222222222,30.0,0.011438739196746314
521,LP002690,Male,No,0,Graduate,No,2500000.0,0.0,55000.0,360.0,1.0,Semiurban,Y,2500000.0,45.45454545454545,30.0,0.022
522,LP002692,Male,Yes,3+,Graduate,Yes,5677000.0,1424000.0,100000.0,360.0,1.0,Rural,Y,7101000.0,71.01,30.0,0.01408252358822701
523,LP002693,Male,Yes,2,Graduate,Yes,7948000.0,5743125.0,261500.0,360.0,1.0,Rural,Y,13691125.0,52.356118546845124,30.0,0.01909996439299181
524,LP002697,Male,No,0,Graduate,No,4680000.0,2087000.0,146412.16216216216,360.0,1.0,Semiurban,N,6767000.0,46.2188379712954,30.0,0.021636199521525366
525,LP002699,Male,Yes,2,Graduate,Yes,10171250.0,0.0,261500.0,360.0,1.0,Rural,Y,10171250.0,38.895793499043975,30.0,0.025709721027405676
526,LP002705,Male,Yes,0,Graduate,No,3775000.0,0.0,110000.0,360.0,1.0,Semiurban,Y,3775000.0,34.31818181818182,30.0,0.02913907284768212
527,LP002706,Male,Yes,1,Not Graduate,No,5285000.0,1430000.0,161000.0,360.0,0.0,Semiurban,Y,6715000.0,41.70807453416149,30.0,0.023976172747580043
528,LP002714,Male,No,1,Not Graduate,No,2679000.0,1302000.0,94000.0,360.0,1.0,Semiurban,Y,3981000.0,42.351063829787236,30.0,0.02361215774930922
529,LP002716,Male,No,0,Not Graduate,No,6783000.0,0.0,130000.0,360.0,1.0,Semiurban,Y,6783000.0,52.176923076923075,30.0,0.019165560961226596
530,LP002717,Male,Yes,0,Graduate,No,1025000.0,5500000.0,216000.0,360.0,0.0,Rural,Y,6525000.0,30.208333333333332,30.0,0.03310344827586207
531,LP002720,Male,Yes,3+,Graduate,No,4281000.0,0.0,100000.0,360.0,1.0,Urban,Y,4281000.0,42.81,30.0,0.023359028264424198
532,LP002723,Male,No,2,Graduate,No,3588000.0,0.0,110000.0,360.0,0.0,Rural,N,3588000.0,32.61818181818182,30.0,0.030657748049052396
533,LP002729,Male,No,1,Graduate,No,10171250.0,0.0,196000.0,360.0,0.0,Semiurban,N,10171250.0,51.89413265306123,30.0,0.01927000122895416
534,LP002731,Female,No,0,Not Graduate,Yes,10171250.0,0.0,125000.0,360.0,1.0,Urban,Y,10171250.0,81.37,30.0,0.012289541600098316
535,LP002732,Male,No,0,Not Graduate,No,2550000.0,2042000.0,126000.0,360.0,1.0,Rural,Y,4592000.0,36.44444444444444,30.0,0.027439024390243903
536,LP002734,Male,Yes,0,Graduate,No,6133000.0,3906000.0,261500.0,360.0,1.0,Urban,Y,10039000.0,38.39005736137667,30.0,0.026048411196334297
537,LP002738,Male,No,2,Graduate,No,3617000.0,0.0,107000.0,360.0,1.0,Semiurban,Y,3617000.0,33.80373831775701,30.0,0.029582526956040918
538,LP002739,Male,Yes,0,Not Graduate,No,2917000.0,536000.0,66000.0,360.0,1.0,Rural,N,3453000.0,52.31818181818182,30.0,0.019113814074717638
539,LP002740,Male,Yes,3+,Graduate,No,6417000.0,0.0,157000.0,180.0,1.0,Rural,Y,6417000.0,40.87261146496815,15.0,0.02446626149290946
540,LP002741,Female,Yes,1,Graduate,No,4608000.0,2845000.0,140000.0,180.0,1.0,Semiurban,Y,7453000.0,53.23571428571429,15.0,0.018784382128002146
541,LP002743,Female,No,0,Graduate,No,2138000.0,0.0,99000.0,360.0,0.0,Semiurban,N,2138000.0,21.595959595959595,30.0,0.04630495790458372
542,LP002753,Female,No,1,Graduate,No,3652000.0,0.0,95000.0,360.0,1.0,Semiurban,Y,3652000.0,38.44210526315789,30.0,0.026013143483023003
543,LP002755,Male,Yes,1,Not Graduate,No,2239000.0,2524000.0,128000.0,360.0,1.0,Urban,Y,4763000.0,37.2109375,30.0,0.026873819021625025
544,LP002757,Female,Yes,0,Not Graduate,No,3017000.0,663000.0,102000.0,360.0,0.0,Semiurban,Y,3680000.0,36.07843137254902,30.0,0.027717391304347826
545,LP002767,Male,Yes,0,Graduate,No,2768000.0,1950000.0,155000.0,360.0,1.0,Rural,Y,4718000.0,30.438709677419354,30.0,0.03285290377278508
546,LP002768,Male,No,0,Not Graduate,No,3358000.0,0.0,80000.0,36.0,1.0,Semiurban,N,3358000.0,41.975,3.0,0.023823704586063133
547,LP002772,Male,No,0,Graduate,No,2526000.0,1783000.0,145000.0,360.0,1.0,Rural,Y,4309000.0,29.717241379310344,30.0,0.03365049895567417
548,LP002776,Female,No,0,Graduate,No,5000000.0,0.0,103000.0,360.0,0.0,Semiurban,N,5000000.0,48.54368932038835,30.0,0.0206
549,LP002777,Male,Yes,0,Graduate,No,2785000.0,2016000.0,110000.0,360.0,1.0,Rural,Y,4801000.0,43.64545454545455,30.0,0.022911893355550928
550,LP002778,Male,Yes,2,Graduate,Yes,6633000.0,0.0,146412.16216216216,360.0,0.0,Rural,N,6633000.0,45.303613457012325,30.0,0.022073294461354163
551,LP002784,Male,Yes,1,Not Graduate,No,2492000.0,2375000.0,146412.16216216216,360.0,1.0,Rural,Y,4867000.0,33.241773962804004,30.0,0.030082630401101738
552,LP002785,Male,Yes,1,Graduate,No,3333000.0,3250000.0,158000.0,360.0,1.0,Urban,Y,6583000.0,41.664556962025316,30.0,0.024001215251405136
553,LP002788,Male,Yes,0,Not Graduate,No,2454000.0,2333000.0,181000.0,360.0,0.0,Urban,N,4787000.0,26.447513812154696,30.0,0.03781073741382912
554,LP002789,Male,Yes,0,Graduate,No,3593000.0,4266000.0,132000.0,180.0,0.0,Rural,N,7859000.0,59.53787878787879,15.0,0.01679603002926581
555,LP002792,Male,Yes,1,Graduate,No,5468000.0,1032000.0,26000.0,360.0,1.0,Semiurban,Y,6500000.0,250.0,30.0,0.004
556,LP002794,Female,No,0,Graduate,No,2667000.0,1625000.0,84000.0,360.0,0.0,Urban,Y,4292000.0,51.095238095238095,30.0,0.0195712954333644
557,LP002795,Male,Yes,3+,Graduate,Yes,10139000.0,0.0,260000.0,360.0,1.0,Semiurban,Y,10139000.0,38.996153846153845,30.0,0.025643554591182564
558,LP002798,Male,Yes,0,Graduate,No,3887000.0,2669000.0,162000.0,360.0,1.0,Semiurban,Y,6556000.0,40.46913580246913,30.0,0.02471018913971934
559,LP002804,Female,Yes,0,Graduate,No,4180000.0,2306000.0,182000.0,360.0,1.0,Semiurban,Y,6486000.0,35.637362637362635,30.0,0.028060437866173297
560,LP002807,Male,Yes,2,Not Graduate,No,3675000.0,242000.0,108000.0,360.0,1.0,Semiurban,Y,3917000.0,36.26851851851852,30.0,0.027572121521572634
561,LP002813,Female,Yes,1,Graduate,Yes,10171250.0,0.0,261500.0,360.0,1.0,Semiurban,Y,10171250.0,38.895793499043975,30.0,0.025709721027405676
562,LP002820,Male,Yes,0,Graduate,No,5923000.0,2054000.0,211000.0,360.0,1.0,Rural,Y,7977000.0,37.80568720379147,30.0,0.02645104675943337
563,LP002821,Male,No,0,Not Graduate,Yes,5800000.0,0.0,132000.0,360.0,1.0,Semiurban,Y,5800000.0,43.93939393939394,30.0,0.022758620689655173
564,LP002832,Male,Yes,2,Graduate,No,8799000.0,0.0,258000.0,360.0,0.0,Urban,N,8799000.0,34.104651162790695,30.0,0.029321513808387316
565,LP002833,Male,Yes,0,Not Graduate,No,4467000.0,0.0,120000.0,360.0,0.0,Rural,Y,4467000.0,37.225,30.0,0.026863666890530557
566,LP002836,Male,No,0,Graduate,No,3333000.0,0.0,70000.0,360.0,1.0,Urban,Y,3333000.0,47.614285714285714,30.0,0.021002100210021003
567,LP002837,Male,Yes,3+,Graduate,No,3400000.0,2500000.0,123000.0,360.0,0.0,Rural,N,5900000.0,47.96747967479675,30.0,0.020847457627118645
568,LP002840,Female,No,0,Graduate,No,2378000.0,0.0,9000.0,360.0,1.0,Urban,N,2378000.0,264.22222222222223,30.0,0.0037846930193439865
569,LP002841,Male,Yes,0,Graduate,No,3166000.0,2064000.0,104000.0,360.0,0.0,Urban,N,5230000.0,50.28846153846154,30.0,0.01988527724665392
570,LP002842,Male,Yes,1,Graduate,No,3417000.0,1750000.0,186000.0,360.0,1.0,Urban,Y,5167000.0,27.77956989247312,30.0,0.035997677569189084
571,LP002847,Male,Yes,0,Graduate,No,5116000.0,1451000.0,165000.0,360.0,0.0,Urban,N,6567000.0,39.8,30.0,0.02512562814070352
572,LP002855,Male,Yes,2,Graduate,No,10171250.0,0.0,261500.0,360.0,1.0,Urban,Y,10171250.0,38.895793499043975,30.0,0.025709721027405676
573,LP002862,Male,Yes,2,Not Graduate,No,6125000.0,1625000.0,187000.0,480.0,1.0,Semiurban,N,7750000.0,41.44385026737968,40.0,0.024129032258064516
574,LP002863,Male,Yes,3+,Graduate,No,6406000.0,0.0,150000.0,360.0,1.0,Semiurban,N,6406000.0,42.70666666666666,30.0,0.023415547923821417
575,LP002868,Male,Yes,2,Graduate,No,3159000.0,461000.0,108000.0,84.0,1.0,Urban,Y,3620000.0,33.51851851851852,7.0,0.02983425414364641
576,LP002872,Male,Yes,0,Graduate,No,3087000.0,2210000.0,136000.0,360.0,0.0,Semiurban,N,5297000.0,38.9485294117647,30.0,0.02567491032659996
577,LP002874,Male,No,0,Graduate,No,3229000.0,2739000.0,110000.0,360.0,1.0,Urban,Y,5968000.0,54.25454545454546,30.0,0.018431635388739945
578,LP002877,Male,Yes,1,Graduate,No,1782000.0,2232000.0,107000.0,360.0,1.0,Rural,Y,4014000.0,37.51401869158879,30.0,0.02665670154459392
579,LP002888,Male,No,0,Graduate,No,3182000.0,2917000.0,161000.0,360.0,1.0,Urban,Y,6099000.0,37.88198757763975,30.0,0.026397770126250206
580,LP002892,Male,Yes,2,Graduate,No,6540000.0,0.0,205000.0,360.0,1.0,Semiurban,Y,6540000.0,31.902439024390244,30.0,0.03134556574923547
581,LP002893,Male,No,0,Graduate,No,1836000.0,5743125.0,90000.0,360.0,1.0,Urban,N,7579125.0,84.2125,30.0,0.011874721686210479
582,LP002894,Female,Yes,0,Graduate,No,3166000.0,0.0,36000.0,360.0,1.0,Semiurban,Y,3166000.0,87.94444444444444,30.0,0.011370814908401769
583,LP002898,Male,Yes,1,Graduate,No,1880000.0,0.0,61000.0,360.0,0.0,Rural,N,1880000.0,30.81967213114754,30.0,0.032446808510638296
584,LP002911,Male,Yes,1,Graduate,No,2787000.0,1917000.0,146000.0,360.0,0.0,Rural,N,4704000.0,32.21917808219178,30.0,0.031037414965986394
585,LP002912,Male,Yes,1,Graduate,No,4283000.0,3000000.0,172000.0,84.0,1.0,Rural,N,7283000.0,42.343023255813954,7.0,0.02361664149388988
586,LP002916,Male,Yes,0,Graduate,No,2297000.0,1522000.0,104000.0,360.0,1.0,Urban,Y,3819000.0,36.72115384615385,30.0,0.027232259753862266
587,LP002917,Female,No,0,Not Graduate,No,2165000.0,0.0,70000.0,360.0,1.0,Semiurban,Y,2165000.0,30.928571428571427,30.0,0.03233256351039261
588,LP002925,Male,No,0,Graduate,No,4750000.0,0.0,94000.0,360.0,1.0,Semiurban,Y,4750000.0,50.53191489361702,30.0,0.019789473684210527
589,LP002926,Male,Yes,2,Graduate,Yes,2726000.0,0.0,106000.0,360.0,0.0,Semiurban,N,2726000.0,25.71698113207547,30.0,0.03888481291269259
590,LP002928,Male,Yes,0,Graduate,No,3000000.0,3416000.0,56000.0,180.0,1.0,Semiurban,Y,6416000.0,114.57142857142857,15.0,0.008728179551122194
591,LP002931,Male,Yes,2,Graduate,Yes,6000000.0,0.0,205000.0,240.0,1.0,Semiurban,N,6000000.0,29.26829268292683,20.0,0.034166666666666665
592,LP002933,Male,No,3+,Graduate,Yes,9357000.0,0.0,261500.0,360.0,1.0,Semiurban,Y,9357000.0,35.782026768642446,30.0,0.02794699155712301
593,LP002936,Male,Yes,0,Graduate,No,3859000.0,3300000.0,142000.0,180.0,1.0,Rural,Y,7159000.0,50.41549295774648,15.0,0.019835172510127112
594,LP002938,Male,Yes,0,Graduate,Yes,10171250.0,0.0,260000.0,360.0,1.0,Urban,Y,10171250.0,39.12019230769231,30.0,0.025562246528204498
595,LP002940,Male,No,0,Not Graduate,No,3833000.0,0.0,110000.0,360.0,1.0,Rural,Y,3833000.0,34.845454545454544,30.0,0.02869814766501435
596,LP002941,Male,Yes,2,Not Graduate,Yes,6383000.0,1000000.0,187000.0,360.0,1.0,Rural,N,7383000.0,39.481283422459896,30.0,0.025328457266693756
597,LP002943,Male,No,0,Graduate,No,2987000.0,0.0,88000.0,360.0,0.0,Semiurban,N,2987000.0,33.94318181818182,30.0,0.02946099765651155
598,LP002945,Male,Yes,0,Graduate,Yes,9963000.0,0.0,180000.0,360.0,1.0,Rural,Y,9963000.0,55.35,30.0,0.018066847335140017
599,LP002948,Male,Yes,2,Graduate,No,5780000.0,0.0,192000.0,360.0,1.0,Urban,Y,5780000.0,30.104166666666668,30.0,0.03321799307958478
600,LP002949,Female,No,3+,Graduate,No,416000.0,5743125.0,261500.0,180.0,0.0,Urban,N,6159125.0,23.553059273422562,15.0,0.04245732957197654
601,LP002950,Male,Yes,0,Not Graduate,No,2894000.0,2792000.0,155000.0,360.0,1.0,Rural,Y,5686000.0,36.68387096774194,30.0,0.027259936686598662
602,LP002953,Male,Yes,3+,Graduate,No,5703000.0,0.0,128000.0,360.0,1.0,Urban,Y,5703000.0,44.5546875,30.0,0.02244432754690514
603,LP002958,Male,No,0,Graduate,No,3676000.0,4301000.0,172000.0,360.0,1.0,Rural,Y,7977000.0,46.377906976744185,30.0,0.021561990723329573
604,LP002959,Female,Yes,1,Graduate,No,10171250.0,0.0,261500.0,360.0,1.0,Semiurban,Y,10171250.0,38.895793499043975,30.0,0.025709721027405676
605,LP002960,Male,Yes,0,Not Graduate,No,2400000.0,3800000.0,146412.16216216216,180.0,1.0,Urban,N,6200000.0,42.34620886981402,15.0,0.023614864864864863
606,LP002961,Male,Yes,1,Graduate,No,3400000.0,2500000.0,173000.0,360.0,1.0,Semiurban,Y,5900000.0,34.104046242774565,30.0,0.029322033898305084
607,LP002964,Male,Yes,2,Not Graduate,No,3987000.0,1411000.0,157000.0,360.0,1.0,Rural,Y,5398000.0,34.382165605095544,30.0,0.029084846239347907
608,LP002974,Male,Yes,0,Graduate,No,3232000.0,1950000.0,108000.0,360.0,1.0,Rural,Y,5182000.0,47.98148148148148,30.0,0.020841373986877652
609,LP002978,Female,No,0,Graduate,No,2900000.0,0.0,71000.0,360.0,1.0,Rural,Y,2900000.0,40.84507042253521,30.0,0.024482758620689656
610,LP002979,Male,Yes,3+,Graduate,No,4106000.0,0.0,40000.0,180.0,1.0,Rural,Y,4106000.0,102.65,15.0,0.00974184120798831
611,LP002983,Male,Yes,1,Graduate,No,8072000.0,240000.0,253000.0,360.0,1.0,Urban,Y,8312000.0,32.85375494071146,30.0,0.030437921077959576
612,LP002984,Male,Yes,2,Graduate,No,7583000.0,0.0,187000.0,360.0,1.0,Urban,Y,7583000.0,40.55080213903744,30.0,0.024660424634049848
613,LP002990,Female,No,0,Graduate,Yes,4583000.0,0.0,133000.0,360.0,0.0,Semiurban,N,4583000.0,34.45864661654135,30.0,0.02902029238490072
